索引,名字,工号
1,唐越松,T0001
2,须以景,T0002
3,毛义月,T0003
4,纪为新,T0004
5,朱继金,T0005
6,樊采发,T0006
7,阮为行,T0007
8,丁 辰,T0008
9,莫群霖,T0009
10,华安翔,T0010
11,储继昌,T0011
12,濮志翔,T0012
13,钭坚时,T0013
14,邢敬城,T0014
15,简翰江,T0015
16,夏林材,T0016
17,浦震钦,T0017
18,巩强才,T0018
19,籍隆彰,T0019
20,禹章康,T0020
21,巩斌礼,T0021
22,王钊进,T0022
23,敖冠峰,T0023
24,殷波辉,T0024
25,符清洋,T0025
26,戚之伦,T0026
27,胡逸善,T0027
28,禄向江,T0028
29,庄健裕,T0029
30,皮子亮,T0030
31,温超浩,T0031
32,利顺瑜,T0032
33,松东言,T0033
34,陈学鸣,T0034
35,左棠廷,T0035
36,殳军会,T0036
37,俞易瀚,T0037
38,王翰克,T0038
39,终博垒,T0039
40,通冬耀,T0040
41,景镇亨,T0041
42,徐政鑫,T0042
43,荣维同,T0043
44,堵雄宪,T0044
45,仰庆强,T0045
46,殷英勇,T0046
47,凌中彬,T0047
48,魏福蕾,T0048
49,扶武意,T0049
50,沃聪进,T0050
51,管磊洲,T0051
52,尹武誉,T0052
53,雷垒心,T0053
54,管晓榕,T0054
55,卓钢裕,T0055
56,俞平光,T0056
57,吉栋平,T0057
58,单齐功,T0058
59,劳思荣,T0059
60,阎腾立,T0060
61,洪宁备,T0061
62,支群伯,T0062
63,茹祥纪,T0063
64,庞晗天,T0064
65,东磊裕,T0065
66,崔理晗,T0066
67,伊翰志,T0067
68,段策兴,T0068
69,乔科英,T0069
70,俞晨彪,T0070
71,荣炎皓,T0071
72,柴霖冠,T0072
73,易钢家,T0073
74,陈向科,T0074
75,孙欣帆,T0075
76,屈正致,T0076
77,符语时,T0077
78,毛荣越,T0078
79,毋登鑫,T0079
80,胡理儒,T0080
81,滑立立,T0081
82,毋晔峰,T0082
83,毛章登,T0083
84,俞晟致,T0084
85,叶国颜,T0085
86,慕金海,T0086
87,仲新瑜,T0087
88,符恒建,T0088
89,颜尚超,T0089
90,郗世敬,T0090
91,居士献,T0091
92,聂星中,T0092
93,梁楠国,T0093
94,祁建晗,T0094
95,史彰皓,T0095
96,华理正,T0096
97,乌朋凤,T0097
98,邹瑜彬,T0098
99,云发钊,T0099
100,关凤航,T0100
101,相曦咏,T0101
102,费壮永,T0102
103,宦进融,T0103
104,欧廷起,T0104
105,潘津建,T0105
106,岑政会,T0106
107,乌国议,T0107
108,郭凤兴,T0108
109,匡翰禾,T0109
110,咸君珂,T0110
111,雷波向,T0111
112,韩儒哲,T0112
113,水轮城,T0113
114,任腾元,T0114
115,臧功弘,T0115
116,顾政焘,T0116
117,龙起意,T0117
118,庞维贤,T0118
119,束力鹏,T0119
120,易航朗,T0120
121,欧理彪,T0121
122,凤继益,T0122
123,秋德洋,T0123
124,融迅登,T0124
125,束强安,T0125
126,徐儒琛,T0126
127,席采蒙,T0127
128,薄风咏,T0128
129,羿洲才,T0129
130,周茂庆,T0130
131,咸祥来,T0131
132,孙融亨,T0132
133,平文壮,T0133
134,那达全,T0134
135,水栋时,T0135
136,元福誉,T0136
137,靳珑军,T0137
138,寿文文,T0138
139,燕济津,T0139
140,能鹏伦,T0140
141,邹起以,T0141
142,夔心珑,T0142
143,王希洁,T0143
144,燕远朗,T0144
145,乌志Z,T0145
146,巫炎语,T0146
147,寿业弘,T0147
148,容威洋,T0148
149,凤安福,T0149
150,米清友,T0150
151,屈朋军,T0151
152,越仁宁,T0152
153,狄先谦,T0153
154,伏平洲,T0154
155,任向钦,T0155
156,翟映茂,T0156
157,蓟亭奇,T0157
158,盛来函,T0158
159,融轮博,T0159
160,齐磊坚,T0160
161,连泽义,T0161
162,毕霖朋,T0162
163,洪维泰,T0163
164,毛俊诚,T0164
165,怀学文,T0165
166,纪中皓,T0166
167,倪泓有,T0167
168,师谋才,T0168
169,从伟亿,T0169
170,樊岩来,T0170
171,狄献林,T0171
172,幸融敬,T0172
173,郭力韬,T0173
174,辛金启,T0174
175,隗轮珑,T0175
176,席贤功,T0176
177,黎春安,T0177
178,詹朔奎,T0178
179,燕才业,T0179
180,班谦皓,T0180
181,贝谊钢,T0181
182,魏才山,T0182
183,岑朗谦,T0183
184,马安棠,T0184
185,万纪语,T0185
186,季军万,T0186
187,鲍韵瑜,T0187
188,滕金世,T0188
189,仲致保,T0189
190,隆尚盛,T0190
191,夏越磊,T0191
192,应晨刚,T0192
193,郑益杰,T0193
194,郝福国,T0194
195,荣策益,T0195
196,连锦采,T0196
197,宁冠翔,T0197
198,贲波谦,T0198
199,柳旭安,T0199
200,越士泽,T0200
201,丁晔升,T0201
202,连光仁,T0202
203,洪风杰,T0203
204,查哲亭,T0204
205,穆飞易,T0205
206,桑起洁,T0206
207,劳谋功,T0207
208,那亭厚,T0208
209,滑皓善,T0209
210,陆良振,T0210
211,栾可会,T0211
212,和浩宁,T0212
213,陶励永,T0213
214,隆顺启,T0214
215,刁皓林,T0215
216,濮利星,T0216
217,雷起楠,T0217
218,秋士江,T0218
219,谷家亿,T0219
220,吉星世,T0220
221,宣先琛,T0221
222,刁友月,T0222
223,蔺友万,T0223
224,秦海策,T0224
225,杨迅儒,T0225
226,诸阳家,T0226
227,双刚顺,T0227
228,莫礼雄,T0228
229,卫之欣,T0229
230,龚材炎,T0230
231,耿皓镇,T0231
232,暨映尚,T0232
233,戚伦理,T0233
234,顾礼逸,T0234
235,莘民选,T0235
236,家绍楠,T0236
237,秋启伦,T0237
238,辛言才,T0238
239,红选致,T0239
240,訾理信,T0240
241,郭颜致,T0241
242,扈源厚,T0242
243,曹 辰,T0243
244,柏乐意,T0244
245,耿咏致,T0245
246,黄庆中,T0246
247,曲善颜,T0247
248,扶毅Z,T0248
249,通钧维,T0249
250,祁谦策,T0250
251,莫强材,T0251
252,邴良力,T0252
253,d风恒,T0253
254,安达致,T0254
255,麻林军,T0255
256,云栋升,T0256
257,秋山岩,T0257
258,诸鸣龙,T0258
259,葛会牧,T0259
260,金帅昌,T0260
261,古鹏城,T0261
262,易伦齐,T0262
263,蒋振瀚,T0263
264,申迅信,T0264
265,熊棠升,T0265
266,谭泓鹏,T0266
267,伍清东,T0267
268,江清帅,T0268
269,戈时罡,T0269
270,潘凤逸,T0270
271,高万源,T0271
272,史龙辰,T0272
273,黄固晔,T0273
274,邴成立,T0274
275,邢福辰,T0275
276,扶翔栋,T0276
277,薄龙河,T0277
278,晏卫泽,T0278
279,严迎松,T0279
280,万理树,T0280
281,王保弘,T0281
282,倪朔牧,T0282
283,那科骏,T0283
284,戴高恒,T0284
285,冷谦议,T0285
286,通晨誉,T0286
287,平江正,T0287
288,慕仁豪,T0288
289,彭希炎,T0289
290,丁腾蔚,T0290
291,尹朋瑞,T0291
292,芮珑固,T0292
293,别哲顺,T0293
294,怀泽涛,T0294
295,项良咏,T0295
296,乜晗中,T0296
297,蓟春恒,T0297
298,阚安保,T0298
299,殷辉时,T0299
300,阮松瀚,T0300
301,莘安伦,T0301
302,霍政胜,T0302
303,蓬家峰,T0303
304,钱广献,T0304
305,雷子飞,T0305
306,葛军明,T0306
307,蓝科鹏,T0307
308,杭晓政,T0308
309,师恒城,T0309
310,荀伯鑫,T0310
311,应克炎,T0311
312,萧辰礼,T0312
313,茅固松,T0313
314,步彰维,T0314
315,曾健永,T0315
316,查和毅,T0316
317,胡梁瑜,T0317
318,冯臻轮,T0318
319,焦继坤,T0319
320,红逸彬,T0320
321,强福瀚,T0321
322,堵雄远,T0322
323,茅发珑,T0323
324,艾群栋,T0324
325,宰生琛,T0325
326,翟义映,T0326
327,巴月正,T0327
328,雍晔信,T0328
329,魏行维,T0329
330,曾伟齐,T0330
331,阴楠振,T0331
332,宁春东,T0332
333,伍晓鑫,T0333
334,毛轮文,T0334
335,钭晟瑜,T0335
336,厍奇城,T0336
337,路向江,T0337
338,鲍浩鹏,T0338
339,骆雄恒,T0339
340,和保力,T0340
341,娄启迎,T0341
342,戴卫启,T0342
343,钮善弘,T0343
344,蒋伯谋,T0344
345,暴焘起,T0345
346,戴厚航,T0346
347,詹珂向,T0347
348,贺纪备,T0348
349,易语曦,T0349
350,扈章伦,T0350
351,包洁雄,T0351
352,蒲融臻,T0352
353,莘希岩,T0353
354,禹盛坚,T0354
355,吕蒙礼,T0355
356,桑选辉,T0356
357,宿源逸,T0357
358,叶朔正,T0358
359,施向雨,T0359
360,通敬奇,T0360
361,司凤卫,T0361
362,滑韬腾,T0362
363,狄炎业,T0363
364,邵政坚,T0364
365,庾冠骏,T0365
366,杜彬功,T0366
367,诸章焘,T0367
368,红牧晔,T0368
369,裴炎思,T0369
370,孟岚博,T0370
371,曲磊松,T0371
372,景瑜晟,T0372
373,屈安伟,T0373
374,d牧明,T0374
375,闻亭轮,T0375
376,景继勇,T0376
377,璩彬Z,T0377
378,封光映,T0378
379,邹顺晗,T0379
380,庄礼平,T0380
381,乜毅誉,T0381
382,阚龙景,T0382
383,弘尚霖,T0383
384,韩语康,T0384
385,蓟江振,T0385
386,关城茂,T0386
387,章兴世,T0387
388,松选映,T0388
389,杨光东,T0389
390,水亿彰,T0390
391,蒋善颜,T0391
392,穆坤超,T0392
393,席刚 ,T0393
394,贲启恒,T0394
395,从维风,T0395
396,单朔垒,T0396
397,明骏隆,T0397
398,屠建议,T0398
399,闻豪清,T0399
400,朱海永,T0400
401,干蒙昭,T0401
402,汲臻月,T0402
403,夔行冬,T0403
404,冀友时,T0404
405,苏祥礼,T0405
406,祝泓富,T0406
407,伏辉泽,T0407
408,曲坚厚,T0408
409,冉材旭,T0409
410,蔺生思,T0410
411,季亿洋,T0411
412,桂之盛,T0412
413,景峰卫,T0413
414,钭会起,T0414
415,栾荣涛,T0415
416,高豪坤,T0416
417,史恒廷,T0417
418,卫斌材,T0418
419,贡进壮,T0419
420,左Z勇,T0420
421,符韵欣,T0421
422,毛河津,T0422
423,史亮盛,T0423
424,杜业乐,T0424
425,井廷帅,T0425
426,通亿万,T0426
427,尤选正,T0427
428,安备立,T0428
429,刁伯正,T0429
430,刘继胜,T0430
431,邱尚钊,T0431
432,燕晟国,T0432
433,司昭敬,T0433
434,柳迅励,T0434
435,褚松维,T0435
436,潘亿航,T0436
437,乜武壮,T0437
438,贺彰兴,T0438
439,郦钢翰,T0439
440,明雄思,T0440
441,满晨利,T0441
442,骆风德,T0442
443,应易继,T0443
444,夔成善,T0444
445,安和发,T0445
446,廉起毅,T0446
447,宁绍中,T0447
448,封牧昭,T0448
449,诸蕾岩,T0449
450,倪俊林,T0450
451,谈济清,T0451
452,仲军蔚,T0452
453,和榕宏,T0453
454,章以融,T0454
455,武逸子,T0455
456,郭发安,T0456
457,荀善光,T0457
458,空壮永,T0458
459,钮城松,T0459
460,邓朗心,T0460
461,胡钦家,T0461
462,禄亮俊,T0462
463,柳哲韬,T0463
464,纪镇坤,T0464
465,从振磊,T0465
466,尹明海,T0466
467,童博会,T0467
468,栾富义,T0468
469,羿刚万,T0469
470,凌蕾镇,T0470
471,阎民乐,T0471
472,卫军意,T0472
473,韩升晗,T0473
474,汤蒙昭,T0474
475,暴献 ,T0475
476,红绍臻,T0476
477,喻耀禾,T0477
478,邢磊河,T0478
479,索明禾,T0479
480,龙棠达,T0480
481,苍珑曦,T0481
482,胥和融,T0482
483,项文亮,T0483
484,钭行亮,T0484
485,阚选龙,T0485
486,曲镇启,T0486
487,姚松启,T0487
488,唐振珑,T0488
489,羿家彪,T0489
490,查学起,T0490
491,宰富山,T0491
492,居牧承,T0492
493,贡钦荣,T0493
494,薄雨津,T0494
495,赖家言,T0495
496,梅海锦,T0496
497,靳晓生,T0497
498,嵇帆飞,T0498
499,葛隆坚,T0499
500,房茂楠,T0500
501,连瑞平,T0501
502,赖正启,T0502
503,赵易登,T0503
504,范霖舜,T0504
505,袁来镇,T0505
506,刁帆隆,T0506
507,邢维岩,T0507
508,逄禾翔,T0508
509,柯和世,T0509
510,俞采强,T0510
511,谈启朔,T0511
512,左新朔,T0512
513,宁泽刚,T0513
514,谢哲韵,T0514
515,从誉起,T0515
516,龙艺之,T0516
517,籍岚勇,T0517
518,弓善易,T0518
519,广鸣善,T0519
520,容翰朋,T0520
521,沃恩明,T0521
522,朱生意,T0522
523,蒋健军,T0523
524,靳行晗,T0524
525,湛功帆,T0525
526,邱庆鹏,T0526
527,扈禾晔,T0527
528,扈融远,T0528
529,广融谋,T0529
530,郜克君,T0530
531,魏彰志,T0531
532,滑宁凤,T0532
533,易蒙豪,T0533
534,毛磊飞,T0534
535,屠楠升,T0535
536,沃波梁,T0536
537,桂振易,T0537
538,蔚河选,T0538
539,谢中辰,T0539
540,湛朔礼,T0540
541,屠兴月,T0541
542,晁洁朗,T0542
543,邬善诚,T0543
544,宓谦昊,T0544
545,路俊思,T0545
546,戚舜浩,T0546
547,施晨高,T0547
548,慕固颜,T0548
549,姬欣海,T0549
550,谭亨元,T0550
551,时子Z,T0551
552,匡语博,T0552
553,沃阳乐,T0553
554,胡磊纪,T0554
555,钮融龙,T0555
556,晏震恩,T0556
557,戚咏迅,T0557
558,关斌纪,T0558
559,祝文榕,T0559
560,江聪俊,T0560
561,黎宁献,T0561
562,冀星泰,T0562
563,古洲豪,T0563
564,弓翔泓,T0564
565,符福材,T0565
566,祁雨博,T0566
567,裴曦诚,T0567
568,孟克若,T0568
569,皮源新,T0569
570,宁凤珑,T0570
571,江明友,T0571
572,殳宏希,T0572
573,怀翰语,T0573
574,d泓泽,T0574
575,蔺钧迅,T0575
576,靳弘业,T0576
577,谈钢焘,T0577
578,温坚乐,T0578
579,昌壮盛,T0579
580,柴荣福,T0580
581,解理宁,T0581
582,简易蕾,T0582
583,施会函,T0583
584,辛纪齐,T0584
585,饶材胜,T0585
586,邰生斌,T0586
587,赵越霖,T0587
588,简谊蕾,T0588
589,宋献林,T0589
590,那松东,T0590
591,孔源希,T0591
592,汪晟言,T0592
593,赵朗津,T0593
594,边凤富,T0594
595,寇功哲,T0595
596,寇天锦,T0596
597,杨钊隆,T0597
598,相泰宪,T0598
599,农理儒,T0599
600,方若博,T0600
601,郜雨伦,T0601
602,杭达彰,T0602
603,文磊为,T0603
604,卫发Z,T0604
605,勾荣谋,T0605
606,钭翰飞,T0606
607,邵浩帆,T0607
608,艾维昭,T0608
609,吴和弘,T0609
610,夏岚城,T0610
611,屠盛章,T0611
612,沈俊帅,T0612
613,蒙备冠,T0613
614,符伯晗,T0614
615,邱亨荣,T0615
616,伍垒逸,T0616
617,裘刚利,T0617
618,何伦雨,T0618
619,石勇仁,T0619
620,慕茂邦,T0620
621,巩函韬,T0621
622,廖岩儒,T0622
623,s东礼,T0623
624,路善国,T0624
625,蒯德谦,T0625
626,单平建,T0626
627,文采士,T0627
628,舒成飞,T0628
629,习学谊,T0629
630,蓝新林,T0630
631,籍江昭,T0631
632,谭楠兴,T0632
633,干颜洲,T0633
634,乐仁珑,T0634
635,冉朋景,T0635
636,金津伦,T0636
637,裴维强,T0637
638,彭雄恒,T0638
639,桂镇韵,T0639
640,廉梁东,T0640
641,鄂心天,T0641
642,韩之昊,T0642
643,潘杰谦,T0643
644,闻宏盛,T0644
645,郏绍锦,T0645
646,卫珂祥,T0646
647,邰议帅,T0647
648,宫金珑,T0648
649,须轮威,T0649
650,郏科艺,T0650
651,邱君飞,T0651
652,平营君,T0652
653,贲裕君,T0653
654,计意风,T0654
655,庞棠生,T0655
656,胥武康,T0656
657,景力迅,T0657
658,傅楠誉,T0658
659,钭钢士,T0659
660,诸棠登,T0660
661,从棠洋,T0661
662,邢珑信,T0662
663,鱼益宪,T0663
664,蓝荣艺,T0664
665,元泓泓,T0665
666,国鸣隆,T0666
667,明成雄,T0667
668,戴源康,T0668
669,董光言,T0669
670,鱼裕彰,T0670
671,龚心冬,T0671
672,仰瀚海,T0672
673,蓬世义,T0673
674,荀登先,T0674
675,梅友海,T0675
676,熊浩东,T0676
677,宰欣纶,T0677
678,曾迎皓,T0678
679,章荣伦,T0679
680,匡逸咏,T0680
681,伍胜向,T0681
682,褚聪琛,T0682
683,缪晟勇,T0683
684,邓宏文,T0684
685,濮恒泽,T0685
686,虞恒固,T0686
687,巫帅卫,T0687
688,赖克聪,T0688
689,邓棠瑞,T0689
690,郭伦隆,T0690
691,白峰万,T0691
692,任之宁,T0692
693,国建建,T0693
694,阎卫坚,T0694
695,匡栋会,T0695
696,s天金,T0696
697,邵帅隆,T0697
698,康津盛,T0698
699,贝春宏,T0699
700,颜牧韬,T0700
701,常民磊,T0701
702,戚业瑞,T0702
703,晁腾蕾,T0703
704,饶平炎,T0704
705,昝语艺,T0705
706,许荣科,T0706
707,印伟邦,T0707
708,常福涛,T0708
709,籍珑颜,T0709
710,皮亿威,T0710
711,牛坚晓,T0711
712,蔺旭俊,T0712
713,终宁为,T0713
714,周亮广,T0714
715,袁献明,T0715
716,尹腾君,T0716
717,鄂江安,T0717
718,何为瑜,T0718
719,胡礼同,T0719
720,卢献启,T0720
721,强亭平,T0721
722,郭钦旭,T0722
723,薄伟献,T0723
724,晏意雨,T0724
725,岑晔万,T0725
726,邹茂伯,T0726
727,王迅利,T0727
728,贡卫备,T0728
729,宦博议,T0729
730,杨河耀,T0730
731,向思欣,T0731
732,袁泓雨,T0732
733,姬选顺,T0733
734,狄光瑜,T0734
735,柯国备,T0735
736,桑固迎,T0736
737,章信功,T0737
738,羊朔子,T0738
739,冷义迅,T0739
740,左颜时,T0740
741,那琛同,T0741
742,丁豪星,T0742
743,裴航伦,T0743
744,向耀诚,T0744
745,熊钧宁,T0745
746,蓟安彬,T0746
747,饶善胜,T0747
748,寇金保,T0748
749,充向月,T0749
750,鲍乐纶,T0750
751,燕晨松,T0751
752,甄鸣福,T0752
753,季言勇,T0753
754,姬济雨,T0754
755,巴映焘,T0755
756,暨理凤,T0756
757,卫钧帆,T0757
758,充君炎,T0758
759,邓耀纪,T0759
760,翟皓颜,T0760
761,山诚阳,T0761
762,艾献树,T0762
763,麻诚景,T0763
764,窦超航,T0764
765,饶学恩,T0765
766,翟元谋,T0766
767,郭邦晗,T0767
768,卜坤晔,T0768
769,田维士,T0769
770,都坤诚,T0770
771,卜广博,T0771
772,骆希会,T0772
773,逄生礼,T0773
774,元理翰,T0774
775,能固迅,T0775
776,司兴隆,T0776
777,卞廷旭,T0777
778,荀月继,T0778
779,宗国乐,T0779
780,任世克,T0780
781,庾辰友,T0781
782,庄备绍,T0782
783,能可基,T0783
784,邹先达,T0784
785,罗松发,T0785
786,穆登恩,T0786
787,籍皓振,T0787
788,仰茂纪,T0788
789,胡固益,T0789
790,冯泽平,T0790
791,古文可,T0791
792,阎敬毅,T0792
793,s民纪,T0793
794,阎翰才,T0794
795,仰韬洲,T0795
796,穆群城,T0796
797,莫子震,T0797
798,缪强舜,T0798
799,杜镇誉,T0799
800,裴震浩,T0800
801,吴进学,T0801
802,童晟航,T0802
803,傅健武,T0803
804,栾航宁,T0804
805,仇民力,T0805
806,魏骏广,T0806
807,许广瀚,T0807
808,寿承蒙,T0808
809,姬力韬,T0809
810,文心康,T0810
811,索达民,T0811
812,蒯富继,T0812
813,戈广士,T0813
814,项壮奎,T0814
815,田朋栋,T0815
816,经思晟,T0816
817,詹宪纪,T0817
818,邵政欣,T0818
819,温航榕,T0819
820,杭泽泰,T0820
821,连国力,T0821
822,宣若洲,T0822
823,成平晓,T0823
824,柳映会,T0824
825,储函君,T0825
826,翟昊儒,T0826
827,董豪庆,T0827
828,俞庆立,T0828
829,咸亭之,T0829
830,关阳峰,T0830
831,萧翰钧,T0831
832,鲁威升,T0832
833,和语恩,T0833
834,董意奇,T0834
835,白科之,T0835
836,莫鑫纶,T0836
837,魏泰韵,T0837
838,支谋廷,T0838
839,汤钊良,T0839
840,逄河树,T0840
841,姜朋融,T0841
842,万伟敬,T0842
843,闻绍哲,T0843
844,唐阳永,T0844
845,雍儒纪,T0845
846,龚瑞垒,T0846
847,彭祥学,T0847
848,沈春行,T0848
849,薄子万,T0849
850,郏全隆,T0850
851,范迎亭,T0851
852,宋壮强,T0852
853,班涛献,T0853
854,莫民理,T0854
855,梁发营,T0855
856,凤誉若,T0856
857,陆辰隆,T0857
858,彭龙纪,T0858
859,林航志,T0859
860,连春胜,T0860
861,殳谊春,T0861
862,酆之志,T0862
863,弘士韵,T0863
864,柴昭献,T0864
865,师万言,T0865
866,慕志帆,T0866
867,山健瀚,T0867
868,米献奇,T0868
869,葛群腾,T0869
870,张杰林,T0870
871,慎语亨,T0871
872,沃安若,T0872
873,强军昌,T0873
874,隆珂栋,T0874
875,叶誉廷,T0875
876,越泽行,T0876
877,窦利雄,T0877
878,s茂万,T0878
879,沙致廷,T0879
880,申起楠,T0880
881,濮泓友,T0881
882,裘元建,T0882
883,何迎韵,T0883
884,酆飞志,T0884
885,蔺勇朔,T0885
886,昝洋臻,T0886
887,卓高科,T0887
888,林德晨,T0888
889,秦世义,T0889
890,宁钧厚,T0890
891,邓敬源,T0891
892,汤阳纪,T0892
893,赖益鑫,T0893
894,易新朗,T0894
895,夏博辉,T0895
896,d钊朔,T0896
897,傅昊瀚,T0897
898,融庆浩,T0898
899,柏勇立,T0899
900,柏庭飞,T0900
901,慎材强,T0901
902,梁鸣博,T0902
903,水言颜,T0903
904,苍利生,T0904
905,廖隆尚,T0905
906,相朗祥,T0906
907,江进奎,T0907
908,糜俊基,T0908
909,沙融新,T0909
910,巫翰亭,T0910
911,明顺为,T0911
912,饶安诚,T0912
913,吴鑫振,T0913
914,栾来阳,T0914
915,左力先,T0915
916,任会采,T0916
917,赖祥承,T0917
918,许晔厚,T0918
919,伏庆彪,T0919
920,后谦Z,T0920
921,蔺俊以,T0921
922,郑誉宏,T0922
923,贾康蔚,T0923
924,巴春国,T0924
925,谈尚章,T0925
926,s清世,T0926
927,毕琛友,T0927
928,邴瑞武,T0928
929,空蕾冬,T0929
930,关善浩,T0930
931,屈营来,T0931
932,扈昌岩,T0932
933,古登奇,T0933
934,明新才,T0934
935,衡誉励,T0935
936,惠会风,T0936
937,顾裕力,T0937
938,钮海源,T0938
939,房翰林,T0939
940,嵇树广,T0940
941,班雨韬,T0941
942,暴珂钊,T0942
943,胥亨栋,T0943
944,唐裕起,T0944
945,戎垒月,T0945
946,左语会,T0946
947,邬达远,T0947
948,融以林,T0948
949,麻钊泰,T0949
950,养韵禾,T0950
951,郏炎月,T0951
952,伊营材,T0952
953,寿风越,T0953
954,喻韵中,T0954
955,敖辰庆,T0955
956,司恒蒙,T0956
957,山蒙天,T0957
958,宦强炎,T0958
959,羊珂哲,T0959
960,鱼颜聪,T0960
961,厉章广,T0961
962,颜奇楠,T0962
963,姬友科,T0963
964,雷保恒,T0964
965,宁朋建,T0965
966,弓家津,T0966
967,祖毅瑜,T0967
968,融天哲,T0968
969,勾和为,T0969
970,裘为刚,T0970
971,杜岩栋,T0971
972,汲伟洁,T0972
973,康立星,T0973
974,印林献,T0974
975,单谊庆,T0975
976,衡罡群,T0976
977,禄炎克,T0977
978,双绍帆,T0978
979,印义隆,T0979
980,成蒙冬,T0980
981,舒成易,T0981
982,戈议鑫,T0982
983,燕绍明,T0983
984,董宁心,T0984
985,时晗迎,T0985
986,满晓政,T0986
987,储腾同,T0987
988,平镇刚,T0988
989,步辉伦,T0989
990,祁月友,T0990
991,戎材富,T0991
992,向强源,T0992
993,杨岩祥,T0993
994,元凤韬,T0994
995,广楠登,T0995
996,靳达继,T0996
997,余强朗,T0997
998,白文辰,T0998
999,容皓晔,T0999
1000,穆志学,T1000
1001,能来隆,T1001
1002,利梁良,T1002
1003,秦健文,T1003
1004,翟致海,T1004
1005,邢乐广,T1005
1006,鲁哲采,T1006
1007,伊康禾,T1007
1008,彭泽迅,T1008
1009,勾国诚,T1009
1010,霍炎同,T1010
1011,丰安义,T1011
1012,茹梁韵,T1012
1013,万洲震,T1013
1014,史韬彪,T1014
1015,纪伦霖,T1015
1016,曾和武,T1016
1017,黄逸晟,T1017
1018,平行毅,T1018
1019,阎章俊,T1019
1020,庄朗民,T1020
1021,别仁诚,T1021
1022,边迅晔,T1022
1023,蒲纪齐,T1023
1024,汪臻世,T1024
1025,邬威乐,T1025
1026,那宏康,T1026
1027,段卫津,T1027
1028,包有英,T1028
1029,钱岩伟,T1029
1030,左承晓,T1030
1031,贲清蒙,T1031
1032,余旭东,T1032
1033,路中立,T1033
1034,朱涛采,T1034
1035,蓟晟豪,T1035
1036,汤阳隆,T1036
1037,倪鹏帆,T1037
1038,乐迎翔,T1038
1039,山济科,T1039
1040,满友营,T1040
1041,计友谦,T1041
1042,刁子会,T1042
1043,贾军子,T1043
1044,容励翔,T1044
1045,杨贤翔,T1045
1046,孙纪士,T1046
1047,浦棠波,T1047
1048,黄飞垒,T1048
1049,包洲俊,T1049
1050,封诚议,T1050
1051,季纶建,T1051
1052,阎之天,T1052
1053,齐发谊,T1053
1054,卫功树,T1054
1055,蓟以蕾,T1055
1056,束民镇,T1056
1057,蒙东誉,T1057
1058,贲浩鹏,T1058
1059,丁会廷,T1059
1060,萧廷波,T1060
1061,古朔会,T1061
1062,陶语融,T1062
1063,邹继材,T1063
1064,洪英齐,T1064
1065,董伟贤,T1065
1066,赖可 ,T1066
1067,怀誉思,T1067
1068,杭策谊,T1068
1069,柴威策,T1069
1070,鲁鸣富,T1070
1071,巢庭咏,T1071
1072,颜士昊,T1072
1073,邵飞峰,T1073
1074,江景庭,T1074
1075,廖辉龙,T1075
1076,匡纪朔,T1076
1077,纪励晟,T1077
1078,甘伦为,T1078
1079,潘希全,T1079
1080,顾岩维,T1080
1081,姜坚诚,T1081
1082,怀章庆,T1082
1083,阴昊松,T1083
1084,禹高臻,T1084
1085,d罡行,T1085
1086,冯禾泰,T1086
1087,麻洋诚,T1087
1088,李月亮,T1088
1089,奚业波,T1089
1090,虞阳维,T1090
1091,蔺以承,T1091
1092,谢鸣朔,T1092
1093,明邦珑,T1093
1094,贲禾骏,T1094
1095,韦映厚,T1095
1096,陆信恩,T1096
1097,严昌栋,T1097
1098,孟垒臻,T1098
1099,郝克有,T1099
1100,汲来艺,T1100
1101,武河胜,T1101
1102,何恩春,T1102
1103,池钊月,T1103
1104,劳洋诚,T1104
1105,胥升宪,T1105
1106,茹泓树,T1106
1107,傅会军,T1107
1108,毛成林,T1108
1109,那兴时,T1109
1110,成皓章,T1110
1111,后诚勇,T1111
1112,郎承有,T1112
1113,岑哲源,T1113
1114,谢棠荣,T1114
1115,谭刚珑,T1115
1116,巩政晔,T1116
1117,郦洲平,T1117
1118,俞垒强,T1118
1119,古斌心,T1119
1120,曹士骏,T1120
1121,范语功,T1121
1122,禄志洲,T1122
1123,程安坚,T1123
1124,谢之蕾,T1124
1125,扶炎豪,T1125
1126,简天朋,T1126
1127,危凤弘,T1127
1128,冷材棠,T1128
1129,席发固,T1129
1130,钭逸邦,T1130
1131,魏元隆,T1131
1132,乌勇奎,T1132
1133,金震晓,T1133
1134,敖荣松,T1134
1135,麻瑞冬,T1135
1136,高誉焘,T1136
1137,靳为林,T1137
1138,齐信儒,T1138
1139,栾学岩,T1139
1140,凌正厚,T1140
1141,周会炎,T1141
1142,费树波,T1142
1143,步起越,T1143
1144,柴信纶,T1144
1145,庾杰琛,T1145
1146,奚洁津,T1146
1147,奚帅厚,T1147
1148,昌镇彰,T1148
1149,金祥韵,T1149
1150,许瑞业,T1150
1151,雷迅致,T1151
1152,郗益功,T1152
1153,暴议瑜,T1153
1154,双贤君,T1154
1155,俞天向,T1155
1156,秋涛基,T1156
1157,杭钢融,T1157
1158,刘科坤,T1158
1159,边起健,T1159
1160,曹山翔,T1160
1161,湛毅和,T1161
1162,那钧以,T1162
1163,阴宏瑞,T1163
1164,红生洁,T1164
1165,虞伯克,T1165
1166,冀亮之,T1166
1167,邵珂隆,T1167
1168,昌元洋,T1168
1169,胡鑫康,T1169
1170,瞿朔瀚,T1170
1171,谭珑耀,T1171
1172,逄思哲,T1172
1173,暨天朋,T1173
1174,滑晓天,T1174
1175,乜纶金,T1175
1176,谢亨舜,T1176
1177,晁意献,T1177
1178,奚富鸣,T1178
1179,匡冠语,T1179
1180,石春东,T1180
1181,房民克,T1181
1182,蔺全映,T1182
1183,汲映祥,T1183
1184,司志理,T1184
1185,蔡颜钧,T1185
1186,支亿航,T1186
1187,汲辉亮,T1187
1188,范牧河,T1188
1189,庄钧榕,T1189
1190,焦 理,T1190
1191,郁隆庭,T1191
1192,訾济松,T1192
1193,鲍亭廷,T1193
1194,岑军发,T1194
1195,盛安雄,T1195
1196,毕钊树,T1196
1197,蔺颜登,T1197
1198,昌廷映,T1198
1199,逄选朔,T1199
1200,暴恩保,T1200
1201,燕春帅,T1201
1202,平臻旭,T1202
1203,曲峰国,T1203
1204,寿誉越,T1204
1205,舒献朗,T1205
1206,谈宪飞,T1206
1207,隗禾民,T1207
1208,翟伦彬,T1208
1209,田晗峰,T1209
1210,施励庆,T1210
1211,连函阳,T1211
1212,山榕高,T1212
1213,水辉远,T1213
1214,须蒙斌,T1214
1215,勾益洲,T1215
1216,祝坚德,T1216
1217,宰迅会,T1217
1218,羊曦谋,T1218
1219,舒民世,T1219
1220,连禾钊,T1220
1221,白元奎,T1221
1222,项选世,T1222
1223,禄志理,T1223
1224,蔡理献,T1224
1225,饶新津,T1225
1226,凤翰城,T1226
1227,蒙钢超,T1227
1228,颜强国,T1228
1229,阙敬之,T1229
1230,伊万邦,T1230
1231,陈维文,T1231
1232,虞韵朔,T1232
1233,谷武昭,T1233
1234,乌强军,T1234
1235,劳科顺,T1235
1236,郁亭琛,T1236
1237,钟以选,T1237
1238,柳明荣,T1238
1239,鲍泽伯,T1239
1240,席会达,T1240
1241,苍皓龙,T1241
1242,解林珂,T1242
1243,霍基保,T1243
1244,庾广聪,T1244
1245,郎岚邦,T1245
1246,松翔焘,T1246
1247,景松学,T1247
1248,贝冬济,T1248
1249,羊春言,T1249
1250,边高志,T1250
1251,嵇策欣,T1251
1252,夔易函,T1252
1253,杭济乐,T1253
1254,计壮山,T1254
1255,居时亭,T1255
1256,宓全谊,T1256
1257,满函登,T1257
1258,明霖舜,T1258
1259,奚琛亿,T1259
1260,越梁辉,T1260
1261,杭泓信,T1261
1262,隗晟楠,T1262
1263,浦谋宪,T1263
1264,晁勇钧,T1264
1265,麻洁继,T1265
1266,钱敬瀚,T1266
1267,申议新,T1267
1268,霍蔚鸣,T1268
1269,印之琛,T1269
1270,武军晔,T1270
1271,殷学儒,T1271
1272,路宪意,T1272
1273,靳蒙纶,T1273
1274,费涛坚,T1274
1275,水瀚庭,T1275
1276,逄保榕,T1276
1277,褚励斌,T1277
1278,杭晔启,T1278
1279,栾瀚和,T1279
1280,阴发曦,T1280
1281,牧洲礼,T1281
1282,咸庭顺,T1282
1283,怀棠纪,T1283
1284,查备栋,T1284
1285,董聪来,T1285
1286,贲 洋,T1286
1287,郦谊群,T1287
1288,阚炎正,T1288
1289,鱼斌楠,T1289
1290,冀岩伯,T1290
1291,任逸义,T1291
1292,虞学威,T1292
1293,薄儒厚,T1293
1294,司震勇,T1294
1295,许朗亭,T1295
1296,习纶融,T1296
1297,宗晨翔,T1297
1298,朱军承,T1298
1299,养军钧,T1299
1300,邴茂昭,T1300
1301,慕栋营,T1301
1302,姜新成,T1302
1303,齐源先,T1303
1304,支月镇,T1304
1305,红致聪,T1305
1306,解谊曦,T1306
1307,戴融晓,T1307
1308,吴采朋,T1308
1309,经韬邦,T1309
1310,武全向,T1310
1311,弘胜旭,T1311
1312,通舜彰,T1312
1313,巢罡尚,T1313
1314,穆语厚,T1314
1315,殷映之,T1315
1316,冯励弘,T1316
1317,聂耀城,T1317
1318,茹成振,T1318
1319,全可艺,T1319
1320,甘勇世,T1320
1321,唐君良,T1321
1322,房基可,T1322
1323,谢毅轮,T1323
1324,平雨豪,T1324
1325,幸骏聪,T1325
1326,劳炎发,T1326
1327,贾启济,T1327
1328,钱业鸣,T1328
1329,郝家誉,T1329
1330,幸伯之,T1330
1331,周发贤,T1331
1332,隆致高,T1332
1333,山昊豪,T1333
1334,诸杰涛,T1334
1335,童乐立,T1335
1336,越雨峰,T1336
1337,喻安心,T1337
1338,章鸣月,T1338
1339,苍仁阳,T1339
1340,张坚栋,T1340
1341,余景星,T1341
1342,雍天敬,T1342
1343,侯贤为,T1343
1344,印雨邦,T1344
1345,孙辉才,T1345
1346,伍海瀚,T1346
1347,沙榕维,T1347
1348,连栋卫,T1348
1349,郑军东,T1349
1350,余鸣盛,T1350
1351,祖继志,T1351
1352,牧航钊,T1352
1353,荀棠保,T1353
1354,夏骏营,T1354
1355,湛采博,T1355
1356,麻泰骏,T1356
1357,曲迎震,T1357
1358,景意振,T1358
1359,崔蒙善,T1359
1360,熊轮震,T1360
1361,乜英蕾,T1361
1362,郎河邦,T1362
1363,季时波,T1363
1364,孔恩林,T1364
1365,韩新士,T1365
1366,曾先钊,T1366
1367,荣蔚春,T1367
1368,陈达保,T1368
1369,空阳礼,T1369
1370,曲阳俊,T1370
1371,路源新,T1371
1372,卫儒希,T1372
1373,后晟帅,T1373
1374,蔚林远,T1374
1375,荆荣茂,T1375
1376,莘正备,T1376
1377,谭科霖,T1377
1378,纪朗选,T1378
1379,祁春远,T1379
1380,白行皓,T1380
1381,聂中成,T1381
1382,尚豪义,T1382
1383,韩祥泓,T1383
1384,印韵帅,T1384
1385,师炎致,T1385
1386,胥为语,T1386
1387,殷琛磊,T1387
1388,文信聪,T1388
1389,毋坤帅,T1389
1390,姜议廷,T1390
1391,程希伟,T1391
1392,红宏士,T1392
1393,吕 楠,T1393
1394,符固绍,T1394
1395,郑辰同,T1395
1396,饶曦义,T1396
1397,蒙源辰,T1397
1398,袁岩子,T1398
1399,璩浩成,T1399
1400,聂义绍,T1400
1401,师力艺,T1401
1402,汤梁全,T1402
1403,璩彰建,T1403
1404,申豪民,T1404
1405,昝杰利,T1405
1406,乔朋锦,T1406
1407,訾洁臻,T1407
1408,蓝力腾,T1408
1409,闵蔚彪,T1409
1410,吴材君,T1410
1411,花春超,T1411
1412,闻福庆,T1412
1413,苗言思,T1413
1414,荀致翰,T1414
1415,蒋新固,T1415
1416,相城天,T1416
1417,臧雨元,T1417
1418,屈舜瑜,T1418
1419,项梁广,T1419
1420,靳恒禾,T1420
1421,向力蔚,T1421
1422,龚策力,T1422
1423,童伦善,T1423
1424,能霖万,T1424
1425,马诚安,T1425
1426,家起珂,T1426
1427,冉向亿,T1427
1428,屠才钢,T1428
1429,蔺海世,T1429
1430,莫业同,T1430
1431,师高楠,T1431
1432,戈珑群,T1432
1433,汪仁鹏,T1433
1434,孟韬杰,T1434
1435,印泓钧,T1435
1436,暨广选,T1436
1437,田希宪,T1437
1438,利世奎,T1438
1439,璩聪志,T1439
1440,沈强卫,T1440
1441,卞家谋,T1441
1442,储义仁,T1442
1443,柏进韬,T1443
1444,蒲牧亮,T1444
1445,鱼厚绍,T1445
1446,巢益理,T1446
1447,蓝城敬,T1447
1448,林明英,T1448
1449,习晔韬,T1449
1450,詹盛谦,T1450
1451,边立武,T1451
1452,危韵涛,T1452
1453,宓垒科,T1453
1454,劳武磊,T1454
1455,党礼天,T1455
1456,包朗坤,T1456
1457,计刚同,T1457
1458,敖翔武,T1458
1459,闻泽波,T1459
1460,暨邦曦,T1460
1461,史珂翔,T1461
1462,衡舜欣,T1462
1463,宋博曦,T1463
1464,充舜富,T1464
1465,甄语承,T1465
1466,萧钊康,T1466
1467,韩友晗,T1467
1468,能信凤,T1468
1469,向刚聪,T1469
1470,戚冬洲,T1470
1471,邴树振,T1471
1472,闵昭越,T1472
1473,时春平,T1473
1474,束乐仁,T1474
1475,车升和,T1475
1476,匡敬伟,T1476
1477,仰武越,T1477
1478,蔺以隆,T1478
1479,毋益采,T1479
1480,束科策,T1480
1481,胡蔚宪,T1481
1482,柳同凤,T1482
1483,师晔立,T1483
1484,芮致旭,T1484
1485,阴德升,T1485
1486,贾盛易,T1486
1487,封业金,T1487
1488,池伦凤,T1488
1489,戴珑彰,T1489
1490,殳 子,T1490
1491,翁斌致,T1491
1492,浦荣以,T1492
1493,金永波,T1493
1494,文向谋,T1494
1495,厉进功,T1495
1496,凌杰德,T1496
1497,卢全勇,T1497
1498,闻谦彰,T1498
1499,容震中,T1499
1500,钟泰恩,T1500
1501,曲基蔚,T1501
1502,陈群栋,T1502
1503,黎奎亨,T1503
1504,居松振,T1504
1505,吉棠同,T1505
1506,湛龙钧,T1506
1507,熊宁欣,T1507
1508,赖壮欣,T1508
1509,鱼永邦,T1509
1510,娄Z利,T1510
1511,尹以钢,T1511
1512,裴壮继,T1512
1513,裴迅绍,T1513
1514,毛国荣,T1514
1515,崔健绍,T1515
1516,邱时廷,T1516
1517,应材升,T1517
1518,黎翔镇,T1518
1519,廖 子,T1519
1520,党家隆,T1520
1521,金昌峰,T1521
1522,郁升彬,T1522
1523,糜达豪,T1523
1524,嵇群冬,T1524
1525,夔波彪,T1525
1526,国选牧,T1526
1527,詹裕世,T1527
1528,索锦奇,T1528
1529,米固树,T1529
1530,靳镇富,T1530
1531,明同颜,T1531
1532,史升继,T1532
1533,房进备,T1533
1534,巫发民,T1534
1535,农哲成,T1535
1536,成武科,T1536
1537,路高谊,T1537
1538,龚恩平,T1538
1539,薄时钊,T1539
1540,闵民骏,T1540
1541,王江斌,T1541
1542,闵远树,T1542
1543,柳毅欣,T1543
1544,阙子绍,T1544
1545,d函瑞,T1545
1546,赖艺棠,T1546
1547,宦时波,T1547
1548,戈国林,T1548
1549,戚涛志,T1549
1550,翟和迎,T1550
1551,通友裕,T1551
1552,贲诚业,T1552
1553,荆利珑,T1553
1554,关全固,T1554
1555,邰坚钧,T1555
1556,时咏平,T1556
1557,相理航,T1557
1558,浦明刚,T1558
1559,宓泓勇,T1559
1560,齐意策,T1560
1561,仰行琛,T1561
1562,梅震誉,T1562
1563,伊钢 ,T1563
1564,郜金若,T1564
1565,纪珑材,T1565
1566,阴和卫,T1566
1567,吕时士,T1567
1568,堵荣君,T1568
1569,丁晔松,T1569
1570,郗坤钧,T1570
1571,钟献升,T1571
1572,顾鹏艺,T1572
1573,晁建谦,T1573
1574,谢祥全,T1574
1575,家章谊,T1575
1576,冯舜登,T1576
1577,鱼亭维,T1577
1578,支海国,T1578
1579,养纪谊,T1579
1580,康世进,T1580
1581,庾民学,T1581
1582,沙珑广,T1582
1583,厍建岩,T1583
1584,茹辉宪,T1584
1585,章景语,T1585
1586,赖科星,T1586
1587,暴聪牧,T1587
1588,习瑜意,T1588
1589,阎健舜,T1589
1590,冀奇晓,T1590
1591,於易采,T1591
1592,贺元清,T1592
1593,宁善耀,T1593
1594,查力磊,T1594
1595,庄昊希,T1595
1596,白珑瑞,T1596
1597,冀弘保,T1597
1598,莘涛迎,T1598
1599,黄洁中,T1599
1600,冉 翔,T1600
1601,韩纪超,T1601
1602,冀骏迅,T1602
1603,程儒荣,T1603
1604,訾凤洋,T1604
1605,惠盛晗,T1605
1606,盛承顺,T1606
1607,鱼震良,T1607
1608,惠先林,T1608
1609,戎全承,T1609
1610,强风奇,T1610
1611,荀博皓,T1611
1612,郏杰士,T1612
1613,冷牧雨,T1613
1614,索咏刚,T1614
1615,温纪刚,T1615
1616,浦豪为,T1616
1617,夔才钦,T1617
1618,璩河致,T1618
1619,温航瑜,T1619
1620,酆茂海,T1620
1621,汪彰广,T1621
1622,洪震保,T1622
1623,皮东飞,T1623
1624,卞鑫彰,T1624
1625,阎骏旭,T1625
1626,车翔航,T1626
1627,师伯瑜,T1627
1628,吕钢功,T1628
1629,沈彪彰,T1629
1630,贝雨亮,T1630
1631,荀继尚,T1631
1632,伏策蒙,T1632
1633,阚锦利,T1633
1634,尹昌济,T1634
1635,劳雄瑞,T1635
1636,詹立洋,T1636
1637,文海阳,T1637
1638,国安伦,T1638
1639,潘冬先,T1639
1640,邢远涛,T1640
1641,封强进,T1641
1642,姜文博,T1642
1643,养坚泰,T1643
1644,敖朋勇,T1644
1645,辛威来,T1645
1646,相朋岚,T1646
1647,邴映映,T1647
1648,堵承河,T1648
1649,贺强江,T1649
1650,祝同瑞,T1650
1651,廖珑茂,T1651
1652,沃学科,T1652
1653,周民腾,T1653
1654,沙志升,T1654
1655,匡榕洋,T1655
1656,白亨和,T1656
1657,郏晔俊,T1657
1658,崔咏刚,T1658
1659,符材贤,T1659
1660,索蕾厚,T1660
1661,寿思科,T1661
1662,支亿民,T1662
1663,慕致全,T1663
1664,郎谦洲,T1664
1665,符蒙泓,T1665
1666,逄梁亮,T1666
1667,倪昊哲,T1667
1668,荆士俊,T1668
1669,茅迎臻,T1669
1670,吕登新,T1670
1671,怀立逸,T1671
1672,终韵鸣,T1672
1673,卞备谊,T1673
1674,计庆蔚,T1674
1675,那誉平,T1675
1676,沃毅诚,T1676
1677,虞钊生,T1677
1678,孔才鸣,T1678
1679,邱立生,T1679
1680,韶德涛,T1680
1681,邵家起,T1681
1682,曹亿谊,T1682
1683,巢宪晗,T1683
1684,符保坚,T1684
1685,詹恒榕,T1685
1686,甘翰胜,T1686
1687,郜元飞,T1687
1688,郁先善,T1688
1689,阙廷士,T1689
1690,庾乐学,T1690
1691,艾城茂,T1691
1692,养英景,T1692
1693,牛永月,T1693
1694,翟迎理,T1694
1695,匡廷继,T1695
1696,庄纶群,T1696
1697,麻航浩,T1697
1698,常焘成,T1698
1699,岑晔奎,T1699
1700,韦伟咏,T1700
1701,关毅浩,T1701
1702,谈钦垒,T1702
1703,戴龙彪,T1703
1704,萧恒谋,T1704
1705,阙彬厚,T1705
1706,扈彰天,T1706
1707,柯子辰,T1707
1708,暨锦亭,T1708
1709,巩钧益,T1709
1710,汤蔚俊,T1710
1711,古光天,T1711
1712,茅旭旭,T1712
1713,宰耀震,T1713
1714,莫尚永,T1714
1715,万坤哲,T1715
1716,甄晓瑞,T1716
1717,戚亨牧,T1717
1718,申泽帆,T1718
1719,厍永震,T1719
1720,祝亮城,T1720
1721,鞠豪富,T1721
1722,昌为利,T1722
1723,全景舜,T1723
1724,仲才谋,T1724
1725,邹岚励,T1725
1726,宁津基,T1726
1727,贝中亮,T1727
1728,秦城威,T1728
1729,井河峰,T1729
1730,常琛昊,T1730
1731,杨彪镇,T1731
1732,麻俊泰,T1732
1733,扈光钧,T1733
1734,冀向纶,T1734
1735,匡风业,T1735
1736,沃为函,T1736
1737,严俊昊,T1737
1738,邬融朔,T1738
1739,乐刚融,T1739
1740,雍辉臻,T1740
1741,雍曦理,T1741
1742,刁月胜,T1742
1743,卞纪朔,T1743
1744,丰东雄,T1744
1745,禹尚皓,T1745
1746,陶若言,T1746
1747,闻同尚,T1747
1748,祝群卫,T1748
1749,于杰轮,T1749
1750,邢善韵,T1750
1751,查献继,T1751
1752,尚河之,T1752
1753,支兴致,T1753
1754,殷为谊,T1754
1755,曹岩心,T1755
1756,东固信,T1756
1757,劳若春,T1757
1758,葛齐航,T1758
1759,司康洋,T1759
1760,钱隆辰,T1760
1761,滑绍有,T1761
1762,宿壮功,T1762
1763,颜阳琛,T1763
1764,荀纶咏,T1764
1765,滕谦成,T1765
1766,雍磊钧,T1766
1767,郏毅钦,T1767
1768,薛顺万,T1768
1769,须欣齐,T1769
1770,蓬凤帅,T1770
1771,全国皓,T1771
1772,文兴超,T1772
1773,毋科钢,T1773
1774,栾儒松,T1774
1775,卢浩若,T1775
1776,穆邦义,T1776
1777,籍哲星,T1777
1778,厉晨春,T1778
1779,刘思伯,T1779
1780,毛达锦,T1780
1781,贾鹏奎,T1781
1782,郁牧景,T1782
1783,严献建,T1783
1784,严策城,T1784
1785,扈朗敬,T1785
1786,骆易谋,T1786
1787,臧浩同,T1787
1788,田敬冠,T1788
1789,勾顺励,T1789
1790,惠中奇,T1790
1791,诸君津,T1791
1792,邢有山,T1792
1793,严敬弘,T1793
1794,向鑫学,T1794
1795,姚城建,T1795
1796,岑雄浩,T1796
1797,通蔚晨,T1797
1798,别峰纶,T1798
1799,车语承,T1799
1800,莘之致,T1800
1801,计颜建,T1801
1802,隗超厚,T1802
1803,荣津纶,T1803
1804,封庭正,T1804
1805,秋信辰,T1805
1806,俞洁奇,T1806
1807,祝凤禾,T1807
1808,伊哲采,T1808
1809,马茂迅,T1809
1810,越梁心,T1810
1811,谢翰壮,T1811
1812,缪济厚,T1812
1813,井高伦,T1813
1814,季为达,T1814
1815,吕兴冬,T1815
1816,胡心采,T1816
1817,惠国越,T1817
1818,谢理基,T1818
1819,管敬发,T1819
1820,支邦迎,T1820
1821,牧福群,T1821
1822,喻成荣,T1822
1823,戴函龙,T1823
1824,濮尚为,T1824
1825,熊亮意,T1825
1826,荆冠鹏,T1826
1827,任坚磊,T1827
1828,鲍旭立,T1828
1829,平松弘,T1829
1830,荣牧垒,T1830
1831,欧旭纶,T1831
1832,从选可,T1832
1833,巴源学,T1833
1834,仇舜力,T1834
1835,金霖君,T1835
1836,桂晓中,T1836
1837,咸礼材,T1837
1838,祁万语,T1838
1839,桂航瑜,T1839
1840,浦中宪,T1840
1841,黄城言,T1841
1842,祖钦福,T1842
1843,山朋焘,T1843
1844,班易友,T1844
1845,甘壮炎,T1845
1846,桑功荣,T1846
1847,申章思,T1847
1848,惠平蕾,T1848
1849,许谋镇,T1849
1850,柏选融,T1850
1851,璩贤健,T1851
1852,雍意亿,T1852
1853,谷恩希,T1853
1854,水立励,T1854
1855,施奎炎,T1855
1856,莘伯礼,T1856
1857,孔康致,T1857
1858,史祥达,T1858
1859,吕超平,T1859
1860,和亮榕,T1860
1861,危承豪,T1861
1862,贝泽坚,T1862
1863,牛绍梁,T1863
1864,陶儒益,T1864
1865,齐兴林,T1865
1866,戴政翔,T1866
1867,曲仁福,T1867
1868,酆霖瑞,T1868
1869,裘宏景,T1869
1870,d迅哲,T1870
1871,左先雨,T1871
1872,温发继,T1872
1873,奚清映,T1873
1874,冷珑晟,T1874
1875,曾心备,T1875
1876,江纶辉,T1876
1877,许博保,T1877
1878,杜禾晔,T1878
1879,苍全立,T1879
1880,孟盛强,T1880
1881,詹先保,T1881
1882,柴康牧,T1882
1883,广济裕,T1883
1884,汲震振,T1884
1885,秋刚文,T1885
1886,习宏泽,T1886
1887,宁冠鸣,T1887
1888,宓有生,T1888
1889,於帅霖,T1889
1890,柳山牧,T1890
1891,向旭河,T1891
1892,饶盛晗,T1892
1893,钮臻明,T1893
1894,林珑鑫,T1894
1895,耿宁诚,T1895
1896,屈岚耀,T1896
1897,惠钧辰,T1897
1898,桂津行,T1898
1899,欧君炎,T1899
1900,滕 迎,T1900
1901,翟鑫生,T1901
1902,曹棠融,T1902
1903,郎正顺,T1903
1904,薛风义,T1904
1905,宦泓旭,T1905
1906,谷风金,T1906
1907,盛和宏,T1907
1908,冉Z子,T1908
1909,湛易江,T1909
1910,邢坤景,T1910
1911,莫英济,T1911
1912,皮鑫建,T1912
1913,陆时议,T1913
1914,冀浩昊,T1914
1915,居先会,T1915
1916,韦蔚迎,T1916
1917,韶良壮,T1917
1918,弘城奎,T1918
1919,龚蕾韬,T1919
1920,糜锦蔚,T1920
1921,班宏兴,T1921
1922,邓晨珑,T1922
1923,奚景星,T1923
1924,蒯章力,T1924
1925,都函洋,T1925
1926,靳保友,T1926
1927,管冬宏,T1927
1928,苍亿泓,T1928
1929,万策林,T1929
1930,寿世飞,T1930
1931,刘帅晗,T1931
1932,红航牧,T1932
1933,怀行恩,T1933
1934,束坤彬,T1934
1935,东骏朋,T1935
1936,仲浩广,T1936
1937,浦献豪,T1937
1938,甄晗镇,T1938
1939,农营才,T1939
1940,薛庭曦,T1940
1941,吴元禾,T1941
1942,雷伯进,T1942
1943,成济颜,T1943
1944,水进翔,T1944
1945,孟固鹏,T1945
1946,郎昌焘,T1946
1947,赖固涛,T1947
1948,管友起,T1948
1949,利斌江,T1949
1950,禄轮伯,T1950
1951,鞠福谋,T1951
1952,赵坚星,T1952
1953,蔺波采,T1953
1954,郭贤恒,T1954
1955,寿齐林,T1955
1956,滑龙备,T1956
1957,裘康承,T1957
1958,都顺起,T1958
1959,邰远祥,T1959
1960,丰舜宪,T1960
1961,侯瀚翔,T1961
1962,匡光中,T1962
1963,倪辰洋,T1963
1964,毛焘信,T1964
1965,聂彪德,T1965
1966,昝洲采,T1966
1967,终中耀,T1967
1968,怀栋泰,T1968
1969,王恩达,T1969
1970,龙达朋,T1970
1971,计振世,T1971
1972,蔚生亨,T1972
1973,巴欣营,T1973
1974,红国武,T1974
1975,符裕明,T1975
1976,殳生高,T1976
1977,家业韬,T1977
1978,古旭益,T1978
1979,阎鑫炎,T1979
1980,云强彰,T1980
1981,方聪弘,T1981
1982,武功坚,T1982
1983,厉瀚献,T1983
1984,庞心城,T1984
1985,洪昊业,T1985
1986,禄博克,T1986
1987,越功业,T1987
1988,耿超备,T1988
1989,缪钢珂,T1989
1990,郎坤山,T1990
1991,暴诚迎,T1991
1992,莘议隆,T1992
1993,童艺帆,T1993
1994,丰议伟,T1994
1995,吴斌伯,T1995
1996,钭江臻,T1996
1997,鞠蒙金,T1997
1998,都武瀚,T1998
1999,戚坤明,T1999
2000,黄源晟,T2000
2001,家磊学,T2001
2002,扶誉焘,T2002
2003,包岚棠,T2003
2004,扈彪博,T2004
2005,宿毅冬,T2005
2006,向帅邦,T2006
2007,明林力,T2007
2008,冉庆朔,T2008
2009,史济风,T2009
2010,甘翰蒙,T2010
2011,昝胜仁,T2011
2012,巩清霖,T2012
2013,刁耀斌,T2013
2014,白时荣,T2014
2015,卫林毅,T2015
2016,逄清榕,T2016
2017,冀宪善,T2017
2018,平昌生,T2018
2019,索学禾,T2019
2020,隆咏城,T2020
2021,祝棠卫,T2021
2022,季源业,T2022
2023,倪震东,T2023
2024,娄坚伟,T2024
2025,郭瀚兴,T2025
2026,罗继力,T2026
2027,钟心采,T2027
2028,荆卫来,T2028
2029,齐壮德,T2029
2030,符富尚,T2030
2031,东齐文,T2031
2032,通语晟,T2032
2033,曹益向,T2033
2034,戎昌震,T2034
2035,解蕾时,T2035
2036,陶备炎,T2036
2037,冀义钊,T2037
2038,乌晗可,T2038
2039,霍亮颜,T2039
2040,毕刚哲,T2040
2041,米辰宁,T2041
2042,步会春,T2042
2043,易益震,T2043
2044,夔垒皓,T2044
2045,向涛津,T2045
2046,殷光龙,T2046
2047,缪晗礼,T2047
2048,蒯刚胜,T2048
2049,夔来致,T2049
2050,昝 禾,T2050
2051,强松武,T2051
2052,雍镇敬,T2052
2053,史学义,T2053
2054,韶琛津,T2054
2055,连功涛,T2055
2056,田咏科,T2056
2057,d旭语,T2057
2058,袁震语,T2058
2059,温军梁,T2059
2060,水韵克,T2060
2061,鲁城辰,T2061
2062,胡昭盛,T2062
2063,晏垒磊,T2063
2064,禹远雄,T2064
2065,沃牧蔚,T2065
2066,贺树尚,T2066
2067,赖阳航,T2067
2068,蔚业泓,T2068
2069,鱼士钢,T2069
2070,柳武耀,T2070
2071,习亭钦,T2071
2072,孔民景,T2072
2073,於臻涛,T2073
2074,鞠航誉,T2074
2075,蓝杰峰,T2075
2076,璩谦贤,T2076
2077,童新映,T2077
2078,郦景函,T2078
2079,谷峰科,T2079
2080,璩春选,T2080
2081,仰霖豪,T2081
2082,茹亨成,T2082
2083,钭友以,T2083
2084,平厚科,T2084
2085,狄风旭,T2085
2086,广钦高,T2086
2087,蓟平谊,T2087
2088,荀亿罡,T2088
2089,陆采源,T2089
2090,宦震朋,T2090
2091,苍波泽,T2091
2092,籍良庭,T2092
2093,鄂津俊,T2093
2094,孔全蕾,T2094
2095,滑策金,T2095
2096,尚起先,T2096
2097,於雨朋,T2097
2098,文宁蕾,T2098
2099,吕洁新,T2099
2100,刘涛富,T2100
2101,贝冬诚,T2101
2102,d刚雨,T2102
2103,戎成涛,T2103
2104,祝瑞旭,T2104
2105,苏祥曦,T2105
2106,储和洁,T2106
2107,卞炎同,T2107
2108,石逸垒,T2108
2109,怀达朗,T2109
2110,燕达腾,T2110
2111,祁来帅,T2111
2112,宫会厚,T2112
2113,莫会聪,T2113
2114,米振祥,T2114
2115,鱼彬景,T2115
2116,闵迎欣,T2116
2117,璩若广,T2117
2118,纪承轮,T2118
2119,高维哲,T2119
2120,奚庭彰,T2120
2121,童群仁,T2121
2122,宦林梁,T2122
2123,寿蕾广,T2123
2124,葛晟励,T2124
2125,叶斌亨,T2125
2126,邴为源,T2126
2127,宦泽轮,T2127
2128,樊罡蔚,T2128
2129,阎高风,T2129
2130,霍隆迅,T2130
2131,饶建安,T2131
2132,闻泽晓,T2132
2133,欧宏壮,T2133
2134,荆国君,T2134
2135,窦彰晨,T2135
2136,万牧晨,T2136
2137,卢亿琛,T2137
2138,景达安,T2138
2139,罗蔚民,T2139
2140,梁伦峰,T2140
2141,利星向,T2141
2142,龚晓善,T2142
2143,胡宁翰,T2143
2144,许琛宁,T2144
2145,何源欣,T2145
2146,邓昌奇,T2146
2147,郏厚冠,T2147
2148,阴迎来,T2148
2149,霍威亨,T2149
2150,冯成策,T2150
2151,连行骏,T2151
2152,咸庆武,T2152
2153,郑采宁,T2153
2154,蒋瀚珂,T2154
2155,陶言采,T2155
2156,于章棠,T2156
2157,康全民,T2157
2158,郑岚奎,T2158
2159,欧河骏,T2159
2160,扶朔致,T2160
2161,蔡友平,T2161
2162,计基继,T2162
2163,向全杰,T2163
2164,杜言晨,T2164
2165,关冠函,T2165
2166,闻耀翰,T2166
2167,鲍世龙,T2167
2168,芮材广,T2168
2169,姜中壮,T2169
2170,乜锦镇,T2170
2171,越达源,T2171
2172,虞功栋,T2172
2173,祁武仁,T2173
2174,师曦政,T2174
2175,路辰洲,T2175
2176,鄂钧杰,T2176
2177,水乐济,T2177
2178,狄棠尚,T2178
2179,王 林,T2179
2180,封风德,T2180
2181,王全蒙,T2181
2182,司斌易,T2182
2183,骆咏钦,T2183
2184,马昊哲,T2184
2185,贺承风,T2185
2186,糜誉彬,T2186
2187,穆纪瑜,T2187
2188,邴旭珑,T2188
2189,柏颜阳,T2189
2190,时梁罡,T2190
2191,桂康全,T2191
2192,袁祥军,T2192
2193,雍钧永,T2193
2194,禹兴卫,T2194
2195,鲁和同,T2195
2196,弘恒星,T2196
2197,禄春利,T2197
2198,师斌江,T2198
2199,贲国继,T2199
2200,郎耀融,T2200
2201,狄致希,T2201
2202,王钦庭,T2202
2203,秦豪刚,T2203
2204,耿哲纪,T2204
2205,饶宁雄,T2205
2206,宋映栋,T2206
2207,闻兴钧,T2207
2208,桑彬欣,T2208
2209,蒯Z越,T2209
2210,陆祥为,T2210
2211,幸伟科,T2211
2212,巫江恩,T2212
2213,仇辉金,T2213
2214,扶之震,T2214
2215,燕家平,T2215
2216,阴腾洋,T2216
2217,路昌备,T2217
2218,鞠函章,T2218
2219,乐弘厚,T2219
2220,耿君腾,T2220
2221,熊琛时,T2221
2222,狄震明,T2222
2223,袁胜映,T2223
2224,广栋向,T2224
2225,荀震钧,T2225
2226,伏永志,T2226
2227,顾为乐,T2227
2228,禹楠腾,T2228
2229,苏元海,T2229
2230,詹琛宏,T2230
2231,段谊星,T2231
2232,唐章艺,T2232
2233,许康耀,T2233
2234,东艺牧,T2234
2235,雷承致,T2235
2236,融信思,T2236
2237,伊胜义,T2237
2238,养盛航,T2238
2239,江鑫弘,T2239
2240,劳兴宁,T2240
2241,冯振岚,T2241
2242,饶哲亮,T2242
2243,裘全隆,T2243
2244,糜昭向,T2244
2245,郦东翰,T2245
2246,阎强晔,T2246
2247,孟来庆,T2247
2248,常君风,T2248
2249,昌章之,T2249
2250,水福健,T2250
2251,应松信,T2251
2252,宗士备,T2252
2253,邴昌平,T2253
2254,齐意勇,T2254
2255,訾尚伯,T2255
2256,俞升蕾,T2256
2257,施蔚议,T2257
2258,廉冬贤,T2258
2259,温成远,T2259
2260,向俊融,T2260
2261,艾善达,T2261
2262,缪世欣,T2262
2263,靳昊隆,T2263
2264,钟兴之,T2264
2265,宁材朗,T2265
2266,徐高继,T2266
2267,邓德发,T2267
2268,樊彰时,T2268
2269,裴业坚,T2269
2270,刘越源,T2270
2271,暨颜世,T2271
2272,祁宪家,T2272
2273,祖超霖,T2273
2274,岑凤伯,T2274
2275,汲月映,T2275
2276,苍以纶,T2276
2277,晏昭壮,T2277
2278,訾兴伟,T2278
2279,雍杰英,T2279
2280,乔新东,T2280
2281,瞿鑫哲,T2281
2282,康行蕾,T2282
2283,施欣轮,T2283
2284,温发冠,T2284
2285,都哲金,T2285
2286,喻昭可,T2286
2287,谭恩立,T2287
2288,空源珂,T2288
2289,刁时映,T2289
2290,薄融益,T2290
2291,宁亮雄,T2291
2292,祁旭裕,T2292
2293,诸立科,T2293
2294,蔺彰禾,T2294
2295,宋曦世,T2295
2296,荣津涛,T2296
2297,党彪林,T2297
2298,阮顺礼,T2298
2299,谈民晟,T2299
2300,顾儒凤,T2300
2301,简城臻,T2301
2302,郗语蒙,T2302
2303,严洲威,T2303
2304,盛卫贤,T2304
2305,雍志皓,T2305
2306,顾国子,T2306
2307,毛帅航,T2307
2308,茅胜卫,T2308
2309,颜绍乐,T2309
2310,红晟誉,T2310
2311,虞亿伯,T2311
2312,瞿平谋,T2312
2313,羊风信,T2313
2314,柯明正,T2314
2315,郏翰钊,T2315
2316,巩之雄,T2316
2317,蒙舜琛,T2317
2318,应明牧,T2318
2319,蓝山祥,T2319
2320,戈峰庭,T2320
2321,尤继光,T2321
2322,国星尚,T2322
2323,饶可天,T2323
2324,梅亿庭,T2324
2325,郭瑜颜,T2325
2326,诸政志,T2326
2327,阴纪珂,T2327
2328,雍策同,T2328
2329,池刚先,T2329
2330,暴坚朗,T2330
2331,武固晟,T2331
2332,宿曦和,T2332
2333,逄锦亮,T2333
2334,元远致,T2334
2335,程以信,T2335
2336,邵远维,T2336
2337,寇荣士,T2337
2338,雍思融,T2338
2339,伊子材,T2339
2340,湛松世,T2340
2341,弓骏蒙,T2341
2342,颜生永,T2342
2343,能宏英,T2343
2344,屠儒顺,T2344
2345,凤蒙备,T2345
2346,窦欣棠,T2346
2347,胥曦振,T2347
2348,那咏承,T2348
2349,梁雨峰,T2349
2350,蔚功意,T2350
2351,冯立欣,T2351
2352,陶业清,T2352
2353,乔士震,T2353
2354,袁榕垒,T2354
2355,阎蒙群,T2355
2356,井清伟,T2356
2357,郁士瑞,T2357
2358,昝富霖,T2358
2359,段顺意,T2359
2360,寇月康,T2360
2361,浦钊胜,T2361
2362,伊文锦,T2362
2363,滕栋彰,T2363
2364,米雄鹏,T2364
2365,颜言琛,T2365
2366,羿冠谊,T2366
2367,郜瑜金,T2367
2368,仰英先,T2368
2369,嵇函庭,T2369
2370,韶固同,T2370
2371,郦逸恩,T2371
2372,梁发备,T2372
2373,狄乐岚,T2373
2374,元营洁,T2374
2375,越旭梁,T2375
2376,平博武,T2376
2377,毛亮春,T2377
2378,尤盛亭,T2378
2379,皮河可,T2379
2380,洪泰栋,T2380
2381,席顺文,T2381
2382,柴健之,T2382
2383,雍纪若,T2383
2384,全壮杰,T2384
2385,伊杰茂,T2385
2386,韩棠昊,T2386
2387,元茂安,T2387
2388,敖亮军,T2388
2389,暴士钢,T2389
2390,汤翔友,T2390
2391,冷正济,T2391
2392,韦仁之,T2392
2393,伍蒙庭,T2393
2394,王信克,T2394
2395,吴帅腾,T2395
2396,晏康飞,T2396
2397,师炎韵,T2397
2398,籍昭珑,T2398
2399,计腾德,T2399
2400,仰采龙,T2400
2401,丰军军,T2401
2402,莫Z梁,T2402
2403,燕信议,T2403
2404,毋英震,T2404
2405,焦庆鸣,T2405
2406,贺恩春,T2406
2407,蒙韬志,T2407
2408,薄民彬,T2408
2409,辛金庆,T2409
2410,查钊棠,T2410
2411,韶文彬,T2411
2412,莫光家,T2412
2413,戴政语,T2413
2414,毕之勇,T2414
2415,裘世恒,T2415
2416,华腾欣,T2416
2417,庞松景,T2417
2418,钟万波,T2418
2419,骆正曦,T2419
2420,戚刚立,T2420
2421,宰舜裕,T2421
2422,鄂和政,T2422
2423,暴誉启,T2423
2424,蒙厚韵,T2424
2425,师章良,T2425
2426,宦曦艺,T2426
2427,班清牧,T2427
2428,唐学庭,T2428
2429,伏岚坚,T2429
2430,曾厚哲,T2430
2431,钮海罡,T2431
2432,强江有,T2432
2433,陈哲远,T2433
2434,羿焘鑫,T2434
2435,钭会士,T2435
2436,童英学,T2436
2437,纪祥茂,T2437
2438,牧鸣月,T2438
2439,毕力江,T2439
2440,叶欣越,T2440
2441,欧以文,T2441
2442,栾浩翰,T2442
2443,毋恒伦,T2443
2444,国冠俊,T2444
2445,童功成,T2445
2446,施谋宏,T2446
2447,梁锦骏,T2447
2448,戴朗景,T2448
2449,双楠臻,T2449
2450,薛舜祥,T2450
2451,姜飞宪,T2451
2452,蓟光致,T2452
2453,俞博瀚,T2453
2454,申蒙镇,T2454
2455,s群源,T2455
2456,劳明聪,T2456
2457,党良耀,T2457
2458,咸磊武,T2458
2459,厉震固,T2459
2460,籍盛林,T2460
2461,车易伟,T2461
2462,宓棠松,T2462
2463,纪豪河,T2463
2464,宫誉益,T2464
2465,郦垒恩,T2465
2466,潘帆济,T2466
2467,璩亿基,T2467
2468,聂来营,T2468
2469,闻耀盛,T2469
2470,贲清朋,T2470
2471,濮信垒,T2471
2472,雍彪聪,T2472
2473,晁中雄,T2473
2474,毛康翰,T2474
2475,幸致子,T2475
2476,步峰同,T2476
2477,慎意保,T2477
2478,柴功奇,T2478
2479,钮家启,T2479
2480,詹平光,T2480
2481,巫科恩,T2481
2482,冀亭高,T2482
2483,元语功,T2483
2484,席珑科,T2484
2485,钱亮伯,T2485
2486,谷利臻,T2486
2487,双立晓,T2487
2488,都颜选,T2488
2489,项林融,T2489
2490,s立文,T2490
2491,仇涛子,T2491
2492,仇金敬,T2492
2493,黄榕颜,T2493
2494,顾江宪,T2494
2495,刁星韵,T2495
2496,怀诚壮,T2496
2497,虞纶民,T2497
2498,戎继梁,T2498
2499,俞尚韵,T2499
2500,郑钊永,T2500
2501,闵维光,T2501
2502,唐震致,T2502
2503,罗罡峰,T2503
2504,詹聪珑,T2504
2505,乌意礼,T2505
2506,夔腾信,T2506
2507,荀诚东,T2507
2508,温心安,T2508
2509,秦和会,T2509
2510,晏济阳,T2510
2511,简栋珂,T2511
2512,宰敬立,T2512
2513,郗行材,T2513
2514,伍胜谊,T2514
2515,郝儒晨,T2515
2516,寇树策,T2516
2517,鄂瑜棠,T2517
2518,季儒Z,T2518
2519,井伟易,T2519
2520,越月选,T2520
2521,贺泽清,T2521
2522,汤国钧,T2522
2523,蓝坚济,T2523
2524,向Z邦,T2524
2525,于源可,T2525
2526,皮欣涛,T2526
2527,桑中琛,T2527
2528,鄂辰士,T2528
2529,红振伯,T2529
2530,屈平军,T2530
2531,钭轮泽,T2531
2532,季榕杰,T2532
2533,钮垒善,T2533
2534,从盛文,T2534
2535,左济楠,T2535
2536,高洁磊,T2536
2537,虞龙龙,T2537
2538,通星民,T2538
2539,荣登越,T2539
2540,尚友弘,T2540
2541,扈山献,T2541
2542,师飞蕾,T2542
2543,祖纪先,T2543
2544,顾颜融,T2544
2545,干朋承,T2545
2546,奚义东,T2546
2547,窦仁善,T2547
2548,祁景辉,T2548
2549,宓映耀,T2549
2550,宗棠骏,T2550
2551,李之廷,T2551
2552,纪河蔚,T2552
2553,詹励朔,T2553
2554,鞠采焘,T2554
2555,苍俊恒,T2555
2556,孙行源,T2556
2557,梁谦仁,T2557
2558,申逸旭,T2558
2559,和福达,T2559
2560,尤鸣隆,T2560
2561,魏来光,T2561
2562,裘行函,T2562
2563,柳韬岩,T2563
2564,杭刚亮,T2564
2565,养镇松,T2565
2566,贡成致,T2566
2567,费起维,T2567
2568,简振绍,T2568
2569,庞心琛,T2569
2570,崔瑞晨,T2570
2571,贝正意,T2571
2572,齐翔启,T2572
2573,别福毅,T2573
2574,阮霖岚,T2574
2575,潘意鹏,T2575
2576,倪生仁,T2576
2577,浦阳晔,T2577
2578,裘毅蔚,T2578
2579,瞿城卫,T2579
2580,殳子豪,T2580
2581,訾先远,T2581
2582,萧之备,T2582
2583,王英城,T2583
2584,梅友济,T2584
2585,满泰钧,T2585
2586,钱星心,T2586
2587,秦廷心,T2587
2588,蓟益耀,T2588
2589,蒙恩舜,T2589
2590,晁彬备,T2590
2591,裴镇策,T2591
2592,樊骏钢,T2592
2593,昝泰营,T2593
2594,程炎邦,T2594
2595,桂棠帆,T2595
2596,舒晗春,T2596
2597,米洋备,T2597
2598,劳策为,T2598
2599,林蔚钦,T2599
2600,谭泰基,T2600
2601,周榕钦,T2601
2602,堵朋蒙,T2602
2603,沃泰浩,T2603
2604,包学以,T2604
2605,荀建洋,T2605
2606,慕政万,T2606
2607,聂健绍,T2607
2608,乜致希,T2608
2609,石成生,T2609
2610,祁亨冬,T2610
2611,邴山焘,T2611
2612,鱼谋先,T2612
2613,狄心轮,T2613
2614,魏珂欣,T2614
2615,景政平,T2615
2616,常融宪,T2616
2617,甄廷绍,T2617
2618,厍俊发,T2618
2619,井采涛,T2619
2620,刘韵荣,T2620
2621,蒯易翰,T2621
2622,阙成海,T2622
2623,昌海利,T2623
2624,蒋欣若,T2624
2625,訾理向,T2625
2626,茅鑫健,T2626
2627,龚基子,T2627
2628,郗立之,T2628
2629,胡鹏心,T2629
2630,和英民,T2630
2631,蓟航朔,T2631
2632,郦旭继,T2632
2633,左波勇,T2633
2634,龙 有,T2634
2635,郏元奎,T2635
2636,蒲天伯,T2636
2637,骆霖思,T2637
2638,禹义纶,T2638
2639,蒯恒琛,T2639
2640,卜Z彰,T2640
2641,通政礼,T2641
2642,元庭强,T2642
2643,晏科振,T2643
2644,季韵棠,T2644
2645,钱耀昊,T2645
2646,牛贤颜,T2646
2647,康昊峰,T2647
2648,缪升Z,T2648
2649,俞克飞,T2649
2650,尹咏蕾,T2650
2651,牧子为,T2651
2652,封祥兴,T2652
2653,冉钢岚,T2653
2654,滕帅茂,T2654
2655,柳会誉,T2655
2656,施凤翰,T2656
2657,苍震宁,T2657
2658,相棠善,T2658
2659,柯焘晟,T2659
2660,穆富庭,T2660
2661,寇泽心,T2661
2662,姬成光,T2662
2663,蒙功宪,T2663
2664,蒋楠亨,T2664
2665,羿献晔,T2665
2666,焦济迎,T2666
2667,荣章亨,T2667
2668,步学颜,T2668
2669,尹坤融,T2669
2670,闵厚谋,T2670
2671,黎克清,T2671
2672,桂树光,T2672
2673,索蕾斌,T2673
2674,夔韬邦,T2674
2675,经源韬,T2675
2676,冯会松,T2676
2677,乜舜舜,T2677
2678,别融磊,T2678
2679,欧映子,T2679
2680,班国启,T2680
2681,詹强磊,T2681
2682,施来锦,T2682
2683,丁科琛,T2683
2684,房力河,T2684
2685,浦皓琛,T2685
2686,郝珑晓,T2686
2687,宰升洋,T2687
2688,缪乐洁,T2688
2689,籍升禾,T2689
2690,方源易,T2690
2691,匡茂绍,T2691
2692,龚礼廷,T2692
2693,奚基谊,T2693
2694,席逸万,T2694
2695,康广敬,T2695
2696,成伟济,T2696
2697,庄义思,T2697
2698,陶有言,T2698
2699,须朔安,T2699
2700,能万Z,T2700
2701,萧雄波,T2701
2702,柯贤建,T2702
2703,融韵民,T2703
2704,易清勇,T2704
2705,褚语金,T2705
2706,莘胜Z,T2706
2707,陶先刚,T2707
2708,李备蔚,T2708
2709,瞿冠岚,T2709
2710,梁鸣禾,T2710
2711,葛垒镇,T2711
2712,董起泓,T2712
2713,相昊月,T2713
2714,尤万成,T2714
2715,柳刚帆,T2715
2716,隆霖雨,T2716
2717,姜向泰,T2717
2718,华耀昊,T2718
2719,卫蕾禾,T2719
2720,萧骏仁,T2720
2721,叶易平,T2721
2722,刘福坚,T2722
2723,车正帅,T2723
2724,夔江同,T2724
2725,鄂雄功,T2725
2726,党晔城,T2726
2727,通升皓,T2727
2728,黄钢帅,T2728
2729,红霖波,T2729
2730,郎议进,T2730
2731,潘恒礼,T2731
2732,霍东庭,T2732
2733,耿棠博,T2733
2734,童宏镇,T2734
2735,宣晔意,T2735
2736,暴裕理,T2736
2737,计强皓,T2737
2738,濮起曦,T2738
2739,耿岚益,T2739
2740,单泽珑,T2740
2741,羊万宪,T2741
2742,訾明昊,T2742
2743,羿纪继,T2743
2744,越超山,T2744
2745,闵昊壮,T2745
2746,强晗来,T2746
2747,向维威,T2747
2748,霍会洋,T2748
2749,越以廷,T2749
2750,终家敬,T2750
2751,乐辉同,T2751
2752,鞠家全,T2752
2753,毋家楠,T2753
2754,蓟颜厚,T2754
2755,钱清瀚,T2755
2756,杨恒晓,T2756
2757,徐思世,T2757
2758,戚弘棠,T2758
2759,伊中梁,T2759
2760,池 成,T2760
2761,赵庭利,T2761
2762,伏有飞,T2762
2763,侯富韬,T2763
2764,武顺济,T2764
2765,尤起臻,T2765
2766,苏乐斌,T2766
2767,李晟霖,T2767
2768,杜策济,T2768
2769,夔固旭,T2769
2770,范耀新,T2770
2771,仲伦泓,T2771
2772,郭兴振,T2772
2773,庞朔弘,T2773
2774,袁士备,T2774
2775,安逸岚,T2775
2776,姚正朋,T2776
2777,彭津栋,T2777
2778,秋波军,T2778
2779,乌尚同,T2779
2780,杨城之,T2780
2781,骆博咏,T2781
2782,林韵易,T2782
2783,边海德,T2783
2784,桂冠泰,T2784
2785,沙迎永,T2785
2786,滑洋理,T2786
2787,符继远,T2787
2788,乌映旭,T2788
2789,刁尚发,T2789
2790,禹冠亨,T2790
2791,关明瑜,T2791
2792,鲍曦希,T2792
2793,d钧楠,T2793
2794,巩承瀚,T2794
2795,鲍禾晓,T2795
2796,梁Z海,T2796
2797,缪祥逸,T2797
2798,黎晗辉,T2798
2799,裘迅致,T2799
2800,卜罡国,T2800
2801,卞江Z,T2801
2802,从以心,T2802
2803,岑梁行,T2803
2804,包以皓,T2804
2805,汤哲勇,T2805
2806,邰垒彪,T2806
2807,宋罡基,T2807
2808,邱易胜,T2808
2809,高月锦,T2809
2810,巩政万,T2810
2811,徐子鸣,T2811
2812,濮坚蔚,T2812
2813,夔亮心,T2813
2814,谈善辰,T2814
2815,杭民帅,T2815
2816,易备乐,T2816
2817,国昭远,T2817
2818,弘有备,T2818
2819,鲁保儒,T2819
2820,彭朋学,T2820
2821,樊瀚选,T2821
2822,丰源励,T2822
2823,田锦咏,T2823
2824,蒙章功,T2824
2825,养宪岩,T2825
2826,昝瑞材,T2826
2827,牧才源,T2827
2828,查行绍,T2828
2829,劳语风,T2829
2830,路力岩,T2830
2831,景景海,T2831
2832,甘清来,T2832
2833,山蕾齐,T2833
2834,皮进行,T2834
2835,边泽瀚,T2835
2836,慎才纶,T2836
2837,充欣江,T2837
2838,顾洲杰,T2838
2839,靳誉采,T2839
2840,胥亨 ,T2840
2841,祖榕同,T2841
2842,潘恒光,T2842
2843,鱼国善,T2843
2844,翁钧兴,T2844
2845,傅辉茂,T2845
2846,骆承起,T2846
2847,白勇珑,T2847
2848,勾献榕,T2848
2849,居俊德,T2849
2850,江鹏营,T2850
2851,昝维营,T2851
2852,扈树行,T2852
2853,林焘昌,T2853
2854,盛起德,T2854
2855,宋轮之,T2855
2856,全映家,T2856
2857,侯万承,T2857
2858,鱼富裕,T2858
2859,韦津彰,T2859
2860,隗若固,T2860
2861,隗中茂,T2861
2862,桑家星,T2862
2863,邓善彰,T2863
2864,闵峰宪,T2864
2865,曾融生,T2865
2866,项龙 ,T2866
2867,秋康河,T2867
2868,朱善帆,T2868
2869,郏翰济,T2869
2870,荀谊登,T2870
2871,浦继蔚,T2871
2872,慎纪清,T2872
2873,欧风励,T2873
2874,别恒以,T2874
2875,童江翔,T2875
2876,农晔德,T2876
2877,晁镇庭,T2877
2878,田武康,T2878
2879,富栋金,T2879
2880,荀昊议,T2880
2881,舒科东,T2881
2882,杨龙耀,T2882
2883,皮维楠,T2883
2884,白纪越,T2884
2885,路盛和,T2885
2886,窦朔弘,T2886
2887,卜阳曦,T2887
2888,伍亿武,T2888
2889,伏牧洁,T2889
2890,丁骏伟,T2890
2891,车会恩,T2891
2892,从坤备,T2892
2893,师建洲,T2893
2894,狄敬士,T2894
2895,封纪友,T2895
2896,章树泽,T2896
2897,纪融和,T2897
2898,敖蔚浩,T2898
2899,沈益昭,T2899
2900,龙卫固,T2900
2901,孔济锦,T2901
2902,奚冬健,T2902
2903,柯君刚,T2903
2904,蒯舜隆,T2904
2905,东浩泽,T2905
2906,沙廷利,T2906
2907,乜策易,T2907
2908,仰意泽,T2908
2909,魏良希,T2909
2910,东才会,T2910
2911,寿仁钧,T2911
2912,阮星明,T2912
2913,羊斌杰,T2913
2914,花生瑞,T2914
2915,贲舜欣,T2915
2916,梅纪备,T2916
2917,昝可阳,T2917
2918,终勇聪,T2918
2919,高河福,T2919
2920,闻锦政,T2920
2921,应坚艺,T2921
2922,步迎榕,T2922
2923,廉易坤,T2923
2924,终富瑜,T2924
2925,富献 ,T2925
2926,孔景保,T2926
2927,项英可,T2927
2928,钭志诚,T2928
2929,廉天逸,T2929
2930,后义奎,T2930
2931,暴备基,T2931
2932,韶焘易,T2932
2933,吉顺海,T2933
2934,杜心Z,T2934
2935,郗成咏,T2935
2936,钟济胜,T2936
2937,车君棠,T2937
2938,程震岚,T2938
2939,裘祥豪,T2939
2940,武曦金,T2940
2941,马礼洲,T2941
2942,宫鹏武,T2942
2943,冯豪选,T2943
2944,殳震万,T2944
2945,杨伦涛,T2945
2946,罗风泓,T2946
2947,訾友亭,T2947
2948,濮旭和,T2948
2949,雍儒弘,T2949
2950,荀进登,T2950
2951,阙坤言,T2951
2952,索采继,T2952
2953,侯士韵,T2953
2954,华政理,T2954
2955,董轮瑜,T2955
2956,冀星英,T2956
2957,蓟星君,T2957
2958,郦帅固,T2958
2959,养军群,T2959
2960,李国全,T2960
2961,仰志弘,T2961
2962,裘军儒,T2962
2963,黄庭奇,T2963
2964,濮东旭,T2964
2965,贾韬彰,T2965
2966,周中强,T2966
2967,汤力城,T2967
2968,暨礼子,T2968
2969,王建同,T2969
2970,盛楠山,T2970
2971,国伦承,T2971
2972,沙源和,T2972
2973,盛誉宪,T2973
2974,扈武鹏,T2974
2975,房钊茂,T2975
2976,宗隆广,T2976
2977,满曦发,T2977
2978,阙裕奇,T2978
2979,柏晗康,T2979
2980,怀彬邦,T2980
2981,昌友冬,T2981
2982,沙金雨,T2982
2983,茹超博,T2983
2984,党先昭,T2984
2985,滕亮以,T2985
2986,贲蔚仁,T2986
2987,戚洁昌,T2987
2988,郝行思,T2988
2989,周镇迅,T2989
2990,柴信善,T2990
2991,罗腾德,T2991
2992,云鹏泽,T2992
2993,洪锦晨,T2993
2994,韦敬亨,T2994
2995,莫壮敬,T2995
2996,靳宪易,T2996
2997,昝维国,T2997
2998,刘旭仁,T2998
2999,荆英禾,T2999
3000,翟泰信,T3000
3001,劳龙泓,T3001
3002,薛贤国,T3002
3003,禹津壮,T3003
3004,牧基健,T3004
3005,家富宏,T3005
3006,俞继榕,T3006
3007,冉咏先,T3007
3008,梅震言,T3008
3009,仰斌伯,T3009
3010,宿敬平,T3010
3011,季振晔,T3011
3012,申广进,T3012
3013,时言朗,T3013
3014,祝学家,T3014
3015,邢晨艺,T3015
3016,穆良韵,T3016
3017,夏鑫明,T3017
3018,濮壮春,T3018
3019,暨东承,T3019
3020,融东奇,T3020
3021,施晔霖,T3021
3022,聂浩彰,T3022
3023,王廷河,T3023
3024,胡树钢,T3024
3025,钮军源,T3025
3026,樊亨英,T3026
3027,陈瑜敬,T3027
3028,穆信Z,T3028
3029,左贤霖,T3029
3030,贾朗清,T3030
3031,柴洁博,T3031
3032,通壮豪,T3032
3033,江高峰,T3033
3034,张珂伦,T3034
3035,尤谊国,T3035
3036,廉进和,T3036
3037,成波雨,T3037
3038,樊斌顺,T3038
3039,曲冠才,T3039
3040,张乐选,T3040
3041,潘济震,T3041
3042,戈富士,T3042
3043,桂业明,T3043
3044,戴绍策,T3044
3045,燕意钢,T3045
3046,通中树,T3046
3047,申洁誉,T3047
3048,车罡诚,T3048
3049,桂林隆,T3049
3050,连利宁,T3050
3051,韩瀚珑,T3051
3052,蔚林隆,T3052
3053,卓杰裕,T3053
3054,蒲勇力,T3054
3055,别献艺,T3055
3056,栾登备,T3056
3057,牧盛纶,T3057
3058,郝贤克,T3058
3059,农民基,T3059
3060,钱维全,T3060
3061,杭强献,T3061
3062,伏文力,T3062
3063,邴庭友,T3063
3064,黄善利,T3064
3065,阎新晗,T3065
3066,璩贤蒙,T3066
3067,潘阳壮,T3067
3068,昝源咏,T3068
3069,吉绍景,T3069
3070,严高卫,T3070
3071,储杰明,T3071
3072,郑峰采,T3072
3073,雍安军,T3073
3074,蔡旭献,T3074
3075,郏冬绍,T3075
3076,扶垒航,T3076
3077,蒋纶昌,T3077
3078,洪祥迎,T3078
3079,须才龙,T3079
3080,禹会科,T3080
3081,司博鸣,T3081
3082,从迅强,T3082
3083,酆罡翔,T3083
3084,巫波科,T3084
3085,尤融科,T3085
3086,庞钦威,T3086
3087,古进民,T3087
3088,狄月军,T3088
3089,宫风荣,T3089
3090,唐磊蕾,T3090
3091,殳子梁,T3091
3092,逄晨超,T3092
3093,邹腾邦,T3093
3094,裴峰可,T3094
3095,阴远保,T3095
3096,颜纪达,T3096
3097,钟言梁,T3097
3098,邰启伦,T3098
3099,郎科迎,T3099
3100,穆齐垒,T3100
3101,乔国希,T3101
3102,常政登,T3102
3103,邹发山,T3103
3104,文梁晗,T3104
3105,相良成,T3105
3106,车瑞骏,T3106
3107,訾海勇,T3107
3108,边冠章,T3108
3109,曹晓阳,T3109
3110,柴臻绍,T3110
3111,茅榕朔,T3111
3112,韦政刚,T3112
3113,宓言浩,T3113
3114,时谊营,T3114
3115,褚心海,T3115
3116,卓若宏,T3116
3117,巢博杰,T3117
3118,邢强超,T3118
3119,裘庭科,T3119
3120,丰晨朋,T3120
3121,祝刚裕,T3121
3122,姚坤明,T3122
3123,昌杰尚,T3123
3124,廉康易,T3124
3125,黄冬辉,T3125
3126,扈山功,T3126
3127,耿越波,T3127
3128,万业国,T3128
3129,能瑜榕,T3129
3130,白钊基,T3130
3131,茹隆弘,T3131
3132,宫议城,T3132
3133,洪时邦,T3133
3134,薛龙迅,T3134
3135,燕继昊,T3135
3136,封泓采,T3136
3137,温先进,T3137
3138,郁会才,T3138
3139,容朋耀,T3139
3140,骆杰刚,T3140
3141,习礼起,T3141
3142,容镇榕,T3142
3143,红峰济,T3143
3144,孙杰阳,T3144
3145,储采河,T3145
3146,周发春,T3146
3147,符壮亮,T3147
3148,臧纶河,T3148
3149,范洲鸣,T3149
3150,秋皓宪,T3150
3151,通科浩,T3151
3152,盛宪时,T3152
3153,凌栋晟,T3153
3154,干平朔,T3154
3155,s彪群,T3155
3156,景杰骏,T3156
3157,宓月建,T3157
3158,常钢贤,T3158
3159,郭正营,T3159
3160,宗振誉,T3160
3161,邴科建,T3161
3162,程城卫,T3162
3163,乜可进,T3163
3164,汤达伯,T3164
3165,施Z振,T3165
3166,裘昊刚,T3166
3167,韶伟春,T3167
3168,邬行飞,T3168
3169,丁德茂,T3169
3170,戴之源,T3170
3171,容宪腾,T3171
3172,万奎楠,T3172
3173,米仁贤,T3173
3174,索钧迅,T3174
3175,柏琛栋,T3175
3176,孔善东,T3176
3177,汪廷咏,T3177
3178,殷聪翰,T3178
3179,陶士耀,T3179
3180,蒙选继,T3180
3181,柴安骏,T3181
3182,路禾晟,T3182
3183,方壮言,T3183
3184,穆茂雨,T3184
3185,向盛为,T3185
3186,韦达壮,T3186
3187,国壮正,T3187
3188,蔡豪彬,T3188
3189,晁树清,T3189
3190,薄腾学,T3190
3191,聂亿阳,T3191
3192,范帅博,T3192
3193,吴谊之,T3193
3194,骆保波,T3194
3195,步威天,T3195
3196,酆松金,T3196
3197,危义顺,T3197
3198,裴学建,T3198
3199,寇鑫珑,T3199
3200,时炎艺,T3200
3201,余东雨,T3201
3202,傅哲登,T3202
3203,席曦策,T3203
3204,罗琛兴,T3204
3205,景帅安,T3205
3206,艾胜斌,T3206
3207,容纶凤,T3207
3208,充学毅,T3208
3209,鲍奇明,T3209
3210,滕钧恒,T3210
3211,全子锦,T3211
3212,步峰谦,T3212
3213,寇福锦,T3213
3214,通纶裕,T3214
3215,杨志友,T3215
3216,杭富功,T3216
3217,计若誉,T3217
3218,农亭韵,T3218
3219,俞升焘,T3219
3220,扶恒起,T3220
3221,柴同宪,T3221
3222,邹子月,T3222
3223,荀冠威,T3223
3224,范正利,T3224
3225,江敬涛,T3225
3226,穆恩蕾,T3226
3227,荣文议,T3227
3228,满晗善,T3228
3229,江纶雄,T3229
3230,曾力波,T3230
3231,詹仁励,T3231
3232,毋凤奇,T3232
3233,从议彰,T3233
3234,华泓逸,T3234
3235,s家朋,T3235
3236,勾光军,T3236
3237,蒙向岩,T3237
3238,田立广,T3238
3239,姚世平,T3239
3240,逄亭进,T3240
3241,蓝哲来,T3241
3242,蓝蕾兴,T3242
3243,阴洋龙,T3243
3244,印有朔,T3244
3245,武营万,T3245
3246,顾越为,T3246
3247,堵之营,T3247
3248,艾茂立,T3248
3249,毛高克,T3249
3250,茅兴政,T3250
3251,傅君毅,T3251
3252,夏东国,T3252
3253,明礼齐,T3253
3254,万龙景,T3254
3255,平洋兴,T3255
3256,穆宁庆,T3256
3257,贡光庭,T3257
3258,国毅逸,T3258
3259,石钧珂,T3259
3260,盛骏邦,T3260
3261,鱼辰胜,T3261
3262,卜为梁,T3262
3263,牛波武,T3263
3264,瞿保庆,T3264
3265,李昭城,T3265
3266,鱼梁富,T3266
3267,冉月世,T3267
3268,韶发健,T3268
3269,s钦谊,T3269
3270,虞兴珑,T3270
3271,计琛栋,T3271
3272,水轮越,T3272
3273,元雄伦,T3273
3274,郗亨辉,T3274
3275,蓬瀚德,T3275
3276,侯健建,T3276
3277,文励迎,T3277
3278,屠士维,T3278
3279,柏功皓,T3279
3280,萧毅康,T3280
3281,家中世,T3281
3282,成时蒙,T3282
3283,费卫盛,T3283
3284,龚鹏卫,T3284
3285,束艺哲,T3285
3286,詹逸勇,T3286
3287,孙立冬,T3287
3288,郁亭齐,T3288
3289,弘轮万,T3289
3290,解若城,T3290
3291,毕谋生,T3291
3292,糜发豪,T3292
3293,毛富曦,T3293
3294,洪纪军,T3294
3295,阚政永,T3295
3296,融致东,T3296
3297,蔡清骏,T3297
3298,訾儒航,T3298
3299,魏镇晟,T3299
3300,巢逸江,T3300
3301,怀裕文,T3301
3302,查楠波,T3302
3303,苏平昌,T3303
3304,蒙臻航,T3304
3305,霍纶策,T3305
3306,通蔚裕,T3306
3307,齐宏言,T3307
3308,尚月耀,T3308
3309,弓天易,T3309
3310,邹奇邦,T3310
3311,郦贤备,T3311
3312,鲁策会,T3312
3313,敖利信,T3313
3314,鄂函福,T3314
3315,宓鹏钢,T3315
3316,邢Z振,T3316
3317,芮伟厚,T3317
3318,祝辉 ,T3318
3319,水琛功,T3319
3320,訾河顺,T3320
3321,嵇纶同,T3321
3322,窦义家,T3322
3323,石宁朔,T3323
3324,松良洋,T3324
3325,东朗欣,T3325
3326,凌弘浩,T3326
3327,孙翔选,T3327
3328,陆克富,T3328
3329,李飞章,T3329
3330,吕昭臻,T3330
3331,邓采松,T3331
3332,薄祥礼,T3332
3333,空月明,T3333
3334,沃榕裕,T3334
3335,晁逸保,T3335
3336,龚梁亮,T3336
3337,仲力杰,T3337
3338,白垒平,T3338
3339,柳毅顺,T3339
3340,牧伟以,T3340
3341,柏弘谋,T3341
3342,尤鹏晓,T3342
3343,能宏迅,T3343
3344,柏映辰,T3344
3345,利蕾凤,T3345
3346,陶继策,T3346
3347,毕谦珂,T3347
3348,宋营心,T3348
3349,桂毅纶,T3349
3350,松辰俊,T3350
3351,梅备欣,T3351
3352,辛理友,T3352
3353,昌金斌,T3353
3354,禄思世,T3354
3355,左政月,T3355
3356,水荣才,T3356
3357,曲明冠,T3357
3358,国岩俊,T3358
3359,于心易,T3359
3360,经雨仁,T3360
3361,喻发瀚,T3361
3362,司梁儒,T3362
3363,逄星安,T3363
3364,d兴仁,T3364
3365,单晔 ,T3365
3366,汤河利,T3366
3367,殷备刚,T3367
3368,包进豪,T3368
3369,鲁浩凤,T3369
3370,缪弘世,T3370
3371,杨朔帅,T3371
3372,经航庭,T3372
3373,朱霖飞,T3373
3374,计英胜,T3374
3375,韩曦策,T3375
3376,邵会坤,T3376
3377,褚亨登,T3377
3378,容河翔,T3378
3379,寿翰坚,T3379
3380,贺腾航,T3380
3381,富鑫亿,T3381
3382,施保登,T3382
3383,裴飞厚,T3383
3384,邓欣梁,T3384
3385,秦诚迎,T3385
3386,凌瀚磊,T3386
3387,苗胜亨,T3387
3388,温功益,T3388
3389,祁建礼,T3389
3390,尚伦乐,T3390
3391,姚鑫松,T3391
3392,喻德钧,T3392
3393,田雨星,T3393
3394,能洋翰,T3394
3395,訾建河,T3395
3396,鄂亿义,T3396
3397,刘英贤,T3397
3398,聂咏梁,T3398
3399,苍心海,T3399
3400,童皓儒,T3400
3401,侯彬营,T3401
3402,邢弘晔,T3402
3403,晏顺奇,T3403
3404,宣尚登,T3404
3405,郝荣弘,T3405
3406,贾子永,T3406
3407,乔凤有,T3407
3408,卜广晨,T3408
3409,纪民昊,T3409
3410,华雄韬,T3410
3411,国珑亨,T3411
3412,边材纪,T3412
3413,万文兴,T3413
3414,金泓荣,T3414
3415,尤益科,T3415
3416,仲Z翔,T3416
3417,骆裕光,T3417
3418,暨易誉,T3418
3419,史利政,T3419
3420,蒲胜晓,T3420
3421,查轮晟,T3421
3422,沈才骏,T3422
3423,严咏映,T3423
3424,马恒克,T3424
3425,陈洋敬,T3425
3426,沈耀全,T3426
3427,殳彪升,T3427
3428,雍功启,T3428
3429,孟纪坤,T3429
3430,申瑞全,T3430
3431,訾广天,T3431
3432,汪若炎,T3432
3433,酆全信,T3433
3434,嵇霖高,T3434
3435,边材轮,T3435
3436,饶励策,T3436
3437,通彰蒙,T3437
3438,姚廷启,T3438
3439,嵇辰林,T3439
3440,施宏融,T3440
3441,廖逸磊,T3441
3442,弘继栋,T3442
3443,从健豪,T3443
3444,沙鹏洲,T3444
3445,耿宁保,T3445
3446,禄晟贤,T3446
3447,甘月心,T3447
3448,谈罡亮,T3448
3449,别春登,T3449
3450,方星广,T3450
3451,容朔礼,T3451
3452,臧洋成,T3452
3453,糜高义,T3453
3454,步晗伯,T3454
3455,侯继永,T3455
3456,夔志亨,T3456
3457,苍艺江,T3457
3458,湛垒鸣,T3458
3459,宿晨元,T3459
3460,钱昊艺,T3460
3461,牛泰子,T3461
3462,慎卫禾,T3462
3463,杜昭罡,T3463
3464,车瑜坚,T3464
3465,舒昌杰,T3465
3466,蓬凤帅,T3466
3467,吴儒新,T3467
3468,卜伦功,T3468
3469,顾正谋,T3469
3470,双泽廷,T3470
3471,褚礼岩,T3471
3472,颜敬津,T3472
3473,向礼骏,T3473
3474,计梁宏,T3474
3475,钟琛龙,T3475
3476,龚琛景,T3476
3477,温蔚亭,T3477
3478,茅俊融,T3478
3479,史舜冬,T3479
3480,伊牧牧,T3480
3481,左光盛,T3481
3482,詹永意,T3482
3483,班豪庆,T3483
3484,巢语亿,T3484
3485,蒯伟力,T3485
3486,鱼纶金,T3486
3487,江思可,T3487
3488,岑Z泰,T3488
3489,安强义,T3489
3490,毛可罡,T3490
3491,相融韵,T3491
3492,贡备起,T3492
3493,索庭晗,T3493
3494,羿仁函,T3494
3495,褚皓清,T3495
3496,郑茂敬,T3496
3497,连洋晓,T3497
3498,吴宁承,T3498
3499,谭可广,T3499
3500,靳议波,T3500
3501,娄珂之,T3501
3502,杜祥言,T3502
3503,栾登政,T3503
3504,濮谋益,T3504
3505,赵高风,T3505
3506,闵谋军,T3506
3507,池朗哲,T3507
3508,卓尚河,T3508
3509,应伦宏,T3509
3510,逄成政,T3510
3511,蒙朔群,T3511
3512,岑行万,T3512
3513,蓟城逸,T3513
3514,终棠以,T3514
3515,蓟树壮,T3515
3516,滑厚钊,T3516
3517,明群志,T3517
3518,弘新卫,T3518
3519,钱军晗,T3519
3520,弓达可,T3520
3521,喻全固,T3521
3522,崔炎谊,T3522
3523,陆山胜,T3523
3524,雷承楠,T3524
3525,王启豪,T3525
3526,都泽帆,T3526
3527,吕江利,T3527
3528,毛备材,T3528
3529,黄源亿,T3529
3530,梁钢中,T3530
3531,奚思博,T3531
3532,d冠齐,T3532
3533,郜光锦,T3533
3534,康全兴,T3534
3535,喻源蕾,T3535
3536,国棠辉,T3536
3537,殳儒富,T3537
3538,敖翔平,T3538
3539,臧融英,T3539
3540,卓刚晗,T3540
3541,巫学山,T3541
3542,江伟昭,T3542
3543,衡宏勇,T3543
3544,国宪金,T3544
3545,葛壮理,T3545
3546,白亿楠,T3546
3547,靳咏祥,T3547
3548,卢瀚廷,T3548
3549,唐冬永,T3549
3550,甄星韵,T3550
3551,惠弘威,T3551
3552,戈勇武,T3552
3553,傅廷皓,T3553
3554,能升炎,T3554
3555,明阳瀚,T3555
3556,毕宁涛,T3556
3557,沈学瑞,T3557
3558,钭光钦,T3558
3559,孙旭岩,T3559
3560,解瑞昭,T3560
3561,贲伟正,T3561
3562,党泽禾,T3562
3563,和曦牧,T3563
3564,戚浩翰,T3564
3565,臧焘春,T3565
3566,傅旭善,T3566
3567,经以功,T3567
3568,卫景策,T3568
3569,越晟纪,T3569
3570,东震超,T3570
3571,姬绍可,T3571
3572,蒙航禾,T3572
3573,金晗励,T3573
3574,怀壮锦,T3574
3575,云茂天,T3575
3576,慎议心,T3576
3577,符泓以,T3577
3578,厉禾垒,T3578
3579,汪瀚晗,T3579
3580,毛坚咏,T3580
3581,农基胜,T3581
3582,通翔良,T3582
3583,慕庭献,T3583
3584,章厚光,T3584
3585,明策庆,T3585
3586,姜隆壮,T3586
3587,苗瀚利,T3587
3588,杭岩洲,T3588
3589,江彪若,T3589
3590,昌卫珂,T3590
3591,仲津继,T3591
3592,郭盛绍,T3592
3593,支谦友,T3593
3594,后科进,T3594
3595,糜成高,T3595
3596,戴映辉,T3596
3597,惠树济,T3597
3598,田奇弘,T3598
3599,滕浩国,T3599
3600,古勇彪,T3600
3601,干谦洋,T3601
3602,沈政钢,T3602
3603,丰函凤,T3603
3604,穆庭广,T3604
3605,任庭志,T3605
3606,杭榕励,T3606
3607,丰承盛,T3607
3608,郏邦宁,T3608
3609,白发顺,T3609
3610,阮梁远,T3610
3611,谢钦翔,T3611
3612,暴以蕾,T3612
3613,充新宪,T3613
3614,欧轮意,T3614
3615,姜春广,T3615
3616,徐坤月,T3616
3617,聂誉琛,T3617
3618,蔡禾帅,T3618
3619,嵇晓军,T3619
3620,阙荣震,T3620
3621,齐洋林,T3621
3622,戚康国,T3622
3623,洪飞思,T3623
3624,鞠学涛,T3624
3625,糜垒欣,T3625
3626,相Z若,T3626
3627,养镇钦,T3627
3628,常立金,T3628
3629,邹固亮,T3629
3630,张胜超,T3630
3631,舒采震,T3631
3632,陶廷腾,T3632
3633,弓世皓,T3633
3634,阚登金,T3634
3635,杭致采,T3635
3636,农纪海,T3636
3637,和兴英,T3637
3638,劳梁友,T3638
3639,党易登,T3639
3640,艾钧广,T3640
3641,焦飞厚,T3641
3642,贡朗保,T3642
3643,韦咏言,T3643
3644,荆洋雨,T3644
3645,车乐洁,T3645
3646,贾伦晔,T3646
3647,於恩科,T3647
3648,殳彪浩,T3648
3649,雍基瑜,T3649
3650,柯元语,T3650
3651,傅兴先,T3651
3652,贡正子,T3652
3653,濮磊诚,T3653
3654,巩语雨,T3654
3655,马政金,T3655
3656,崔荣毅,T3656
3657,尚业群,T3657
3658,雷镇曦,T3658
3659,濮峰朔,T3659
3660,沃曦科,T3660
3661,邵承礼,T3661
3662,吉林之,T3662
3663,屠龙阳,T3663
3664,向世业,T3664
3665,孟纶和,T3665
3666,慎建发,T3666
3667,夔世东,T3667
3668,王曦棠,T3668
3669,农誉月,T3669
3670,施希宏,T3670
3671,汲科清,T3671
3672,别恒迎,T3672
3673,娄瑜绍,T3673
3674,池英洋,T3674
3675,茹同敬,T3675
3676,纪咏全,T3676
3677,衡炎易,T3677
3678,席宪信,T3678
3679,国辰谋,T3679
3680,项高航,T3680
3681,屈弘博,T3681
3682,席轮Z,T3682
3683,弓岩言,T3683
3684,尤保文,T3684
3685,奚进承,T3685
3686,莘耀茂,T3686
3687,史风朔,T3687
3688,牧会钊,T3688
3689,甘亭志,T3689
3690,靳风彪,T3690
3691,宰迅金,T3691
3692,羊同鸣,T3692
3693,翁礼会,T3693
3694,卜航顺,T3694
3695,牧清英,T3695
3696,黄树子,T3696
3697,时贤意,T3697
3698,项聪廷,T3698
3699,钱月心,T3699
3700,厍冠业,T3700
3701,关坤谋,T3701
3702,芮帅荣,T3702
3703,武政同,T3703
3704,傅谋伟,T3704
3705,后章岩,T3705
3706,堵宪隆,T3706
3707,冷融英,T3707
3708,萧振瀚,T3708
3709,刘采行,T3709
3710,劳易峰,T3710
3711,乌牧镇,T3711
3712,蔚仁浩,T3712
3713,荣蒙曦,T3713
3714,越业梁,T3714
3715,谷帆起,T3715
3716,乐锦朋,T3716
3717,樊以津,T3717
3718,单采曦,T3718
3719,越洋力,T3719
3720,洪学翔,T3720
3721,从有珑,T3721
3722,尚群涛,T3722
3723,池谊凤,T3723
3724,巢济蔚,T3724
3725,沃语谊,T3725
3726,丰泓兴,T3726
3727,胥昭牧,T3727
3728,冷彬海,T3728
3729,章榕庭,T3729
3730,雍裕心,T3730
3731,栾茂俊,T3731
3732,充为波,T3732
3733,裴豪升,T3733
3734,伍万鹏,T3734
3735,咸卫谋,T3735
3736,伊鑫建,T3736
3737,红军亮,T3737
3738,边臻峰,T3738
3739,卓雄文,T3739
3740,仰彬江,T3740
3741,阙洁为,T3741
3742,姚波胜,T3742
3743,干登昊,T3743
3744,查兴泓,T3744
3745,茹星国,T3745
3746,於林韵,T3746
3747,徐晔宪,T3747
3748,李裕贤,T3748
3749,关晨海,T3749
3750,臧高欣,T3750
3751,芮勇强,T3751
3752,通浩功,T3752
3753,宫蔚彰,T3753
3754,融军岩,T3754
3755,姬函林,T3755
3756,单语曦,T3756
3757,国起帅,T3757
3758,禹峰朋,T3758
3759,温礼学,T3759
3760,华胜继,T3760
3761,甄隆意,T3761
3762,李朗辉,T3762
3763,储波谊,T3763
3764,龚江科,T3764
3765,滑选彰,T3765
3766,朱福冠,T3766
3767,吴洁友,T3767
3768,印映欣,T3768
3769,万高富,T3769
3770,蒯儒时,T3770
3771,敖材哲,T3771
3772,瞿函子,T3772
3773,季采时,T3773
3774,逄昭朔,T3774
3775,阮江瑜,T3775
3776,雍河炎,T3776
3777,童星国,T3777
3778,解坚腾,T3778
3779,余策启,T3779
3780,范恒江,T3780
3781,包林采,T3781
3782,满奇进,T3782
3783,利富达,T3783
3784,杜钊哲,T3784
3785,瞿语祥,T3785
3786,寇冠高,T3786
3787,步源融,T3787
3788,应腾利,T3788
3789,纪弘可,T3789
3790,齐元乐,T3790
3791,简贤锦,T3791
3792,常承以,T3792
3793,荀蒙禾,T3793
3794,d月纪,T3794
3795,伍永伟,T3795
3796,贺晔杰,T3796
3797,雷誉为,T3797
3798,喻敬理,T3798
3799,裴以平,T3799
3800,弓洁富,T3800
3801,侯兴泰,T3801
3802,余臻刚,T3802
3803,邰进纶,T3803
3804,祖浩益,T3804
3805,吉选聪,T3805
3806,翁信恩,T3806
3807,索登茂,T3807
3808,毕宪春,T3808
3809,喻乐罡,T3809
3810,孟保盛,T3810
3811,鲍民洲,T3811
3812,单威钦,T3812
3813,荣采仁,T3813
3814,俞先纶,T3814
3815,苏同亭,T3815
3816,岑远城,T3816
3817,康胜民,T3817
3818,居之中,T3818
3819,秦杰心,T3819
3820,葛曦之,T3820
3821,刁新善,T3821
3822,米罡珂,T3822
3823,凤岚坤,T3823
3824,花采耀,T3824
3825,范可坚,T3825
3826,房腾钢,T3826
3827,汲彰钊,T3827
3828,廉庭邦,T3828
3829,黄融韬,T3829
3830,宦仁福,T3830
3831,项同鹏,T3831
3832,侯洁臻,T3832
3833,阙利月,T3833
3834,郑策源,T3834
3835,勾晨天,T3835
3836,娄胜致,T3836
3837,司茂庆,T3837
3838,邰洁誉,T3838
3839,慎尚善,T3839
3840,滑谊永,T3840
3841,隆义生,T3841
3842,宁正来,T3842
3843,白融晓,T3843
3844,尚达晟,T3844
3845,鲁鸣同,T3845
3846,师谦泓,T3846
3847,双棠荣,T3847
3848,封宪鹏,T3848
3849,仇功建,T3849
3850,宋景超,T3850
3851,闻皓腾,T3851
3852,晁英承,T3852
3853,童明振,T3853
3854,洪可琛,T3854
3855,雍发献,T3855
3856,郦亿材,T3856
3857,费威行,T3857
3858,阴壮树,T3858
3859,尤彰飞,T3859
3860,巢济震,T3860
3861,蓝坚映,T3861
3862,孟力凤,T3862
3863,潘磊洲,T3863
3864,冯意儒,T3864
3865,乐峰臻,T3865
3866,苍栋福,T3866
3867,国卫瑜,T3867
3868,居言继,T3868
3869,邢利棠,T3869
3870,庞康蔚,T3870
3871,廖亭函,T3871
3872,浦泰晔,T3872
3873,时东函,T3873
3874,s光斌,T3874
3875,钮士谊,T3875
3876,林正栋,T3876
3877,全泓宏,T3877
3878,郜维海,T3878
3879,安炎坚,T3879
3880,沃海庆,T3880
3881,宋金时,T3881
3882,茹隆博,T3882
3883,皮固思,T3883
3884,应议亮,T3884
3885,习朋宏,T3885
3886,滑理毅,T3886
3887,蒙时津,T3887
3888,和舜明,T3888
3889,华伯健,T3889
3890,昌中迎,T3890
3891,马若勇,T3891
3892,阙登义,T3892
3893,于安来,T3893
3894,左洋发,T3894
3895,蒙伯政,T3895
3896,元发子,T3896
3897,钟阳济,T3897
3898,彭聪文,T3898
3899,叶天力,T3899
3900,璩克锦,T3900
3901,甄升威,T3901
3902,戈晨峰,T3902
3903,吴仁河,T3903
3904,慎会理,T3904
3905,须颜彪,T3905
3906,隆子誉,T3906
3907,栾卫峰,T3907
3908,终冬骏,T3908
3909,骆致济,T3909
3910,蒋艺茂,T3910
3911,农蔚春,T3911
3912,左政良,T3912
3913,祝全罡,T3913
3914,任源亨,T3914
3915,訾武亨,T3915
3916,蓝昌谊,T3916
3917,时诚霖,T3917
3918,蓟顺舜,T3918
3919,樊Z群,T3919
3920,滕政保,T3920
3921,毛春向,T3921
3922,能心舜,T3922
3923,骆金茂,T3923
3924,宣榕礼,T3924
3925,党良发,T3925
3926,麻贤励,T3926
3927,殷欣震,T3927
3928,邴博为,T3928
3929,曾议曦,T3929
3930,樊罡文,T3930
3931,容欣壮,T3931
3932,戈士龙,T3932
3933,荀禾达,T3933
3934,邢博斌,T3934
3935,傅罡升,T3935
3936,相致备,T3936
3937,甄行津,T3937
3938,邹瀚朗,T3938
3939,蔚帅栋,T3939
3940,邢政瑜,T3940
3941,高阳诚,T3941
3942,昝志乐,T3942
3943,阮勇磊,T3943
3944,成进榕,T3944
3945,朱行旭,T3945
3946,韶备君,T3946
3947,都棠镇,T3947
3948,酆晓彰,T3948
3949,暨江发,T3949
3950,颜树琛,T3950
3951,鱼政航,T3951
3952,钭棠晨,T3952
3953,干腾源,T3953
3954,扈备雄,T3954
3955,郜亨帅,T3955
3956,寿壮东,T3956
3957,养科翔,T3957
3958,武纶Z,T3958
3959,向朋逸,T3959
3960,訾林斌,T3960
3961,相会若,T3961
3962,范登涛,T3962
3963,杜彬采,T3963
3964,杭奇泓,T3964
3965,严垒梁,T3965
3966,郑海材,T3966
3967,柏函映,T3967
3968,席壮炎,T3968
3969,冯朔亿,T3969
3970,郜强思,T3970
3971,杨子基,T3971
3972,宰同钦,T3972
3973,靳旭奇,T3973
3974,费毅钊,T3974
3975,吴皓之,T3975
3976,邢逸龙,T3976
3977,冷友江,T3977
3978,武峰亭,T3978
3979,阚若文,T3979
3980,宋颜新,T3980
3981,缪盛勇,T3981
3982,伊洲卫,T3982
3983,贲行誉,T3983
3984,禄立以,T3984
3985,贝万恩,T3985
3986,咸朗舜,T3986
3987,松豪曦,T3987
3988,裘思晟,T3988
3989,怀龙成,T3989
3990,祁鸣楠,T3990
3991,明韬奎,T3991
3992,郦军昊,T3992
3993,钭哲宏,T3993
3994,缪恒亭,T3994
3995,盛善盛,T3995
3996,乌升家,T3996
3997,郦谦松,T3997
3998,暴毅伟,T3998
3999,芮蒙心,T3999
4000,文良营,T4000
4001,吕航乐,T4001
4002,祁风选,T4002
4003,容春河,T4003
4004,国颜函,T4004
4005,红斌良,T4005
4006,霍逸新,T4006
4007,高腾有,T4007
4008,羿可亮,T4008
4009,古兴发,T4009
4010,缪霖韵,T4010
4011,柴昌语,T4011
4012,云榕鹏,T4012
4013,鞠霖祥,T4013
4014,臧宪韬,T4014
4015,堵壮山,T4015
4016,袁为逸,T4016
4017,扶岚邦,T4017
4018,阙瑜瑜,T4018
4019,容义景,T4019
4020,东榕志,T4020
4021,宰君瑞,T4021
4022,钮艺清,T4022
4023,终臻春,T4023
4024,宁谊飞,T4024
4025,唐皓伯,T4025
4026,范冠瑜,T4026
4027,甘伦会,T4027
4028,郝宪贤,T4028
4029,茹廷材,T4029
4030,都谋锦,T4030
4031,计越恒,T4031
4032,张信皓,T4032
4033,樊牧林,T4033
4034,舒河家,T4034
4035,魏晓伦,T4035
4036,项元宏,T4036
4037,弘若策,T4037
4038,耿洁伟,T4038
4039,相先禾,T4039
4040,瞿福谋,T4040
4041,石邦钧,T4041
4042,贲钊韵,T4042
4043,李隆伟,T4043
4044,束罡仁,T4044
4045,沃安友,T4045
4046,柳理岚,T4046
4047,谭泓凤,T4047
4048,施韵帆,T4048
4049,房伯瑞,T4049
4050,寿世理,T4050
4051,暴永世,T4051
4052,郎政彬,T4052
4053,何向晨,T4053
4054,连言纶,T4054
4055,师琛晗,T4055
4056,罗翰波,T4056
4057,明时禾,T4057
4058,姜伦才,T4058
4059,刁金有,T4059
4060,解峰向,T4060
4061,潘来岩,T4061
4062,蔡时钊,T4062
4063,邱城元,T4063
4064,芮荣备,T4064
4065,霍策建,T4065
4066,韶伦信,T4066
4067,逄皓逸,T4067
4068,池梁豪,T4068
4069,庄珂生,T4069
4070,华国鸣,T4070
4071,丰诚利,T4071
4072,费融福,T4072
4073,雷昌生,T4073
4074,尤力晔,T4074
4075,巩义以,T4075
4076,巩君函,T4076
4077,乌尚保,T4077
4078,管尚晨,T4078
4079,於继钧,T4079
4080,相心韵,T4080
4081,花欣钊,T4081
4082,冀镇思,T4082
4083,慎英志,T4083
4084,段洲韬,T4084
4085,乔谋皓,T4085
4086,从致来,T4086
4087,何向纶,T4087
4088,龙栋时,T4088
4089,靳起济,T4089
4090,邹材翔,T4090
4091,章庭绍,T4091
4092,卜弘德,T4092
4093,宁民登,T4093
4094,蒙维榕,T4094
4095,计昊东,T4095
4096,班金厚,T4096
4097,武勇昊,T4097
4098,汲炎钧,T4098
4099,劳霖群,T4099
4100,葛章可,T4100
4101,双昊欣,T4101
4102,任珑进,T4102
4103,白曦永,T4103
4104,姜函珂,T4104
4105,堵弘春,T4105
4106,凌艺景,T4106
4107,邰选欣,T4107
4108,伊彪策,T4108
4109,桑祥尚,T4109
4110,苗振业,T4110
4111,崔波奎,T4111
4112,麻函涛,T4112
4113,方树若,T4113
4114,黎哲裕,T4114
4115,闵舜镇,T4115
4116,能城选,T4116
4117,邴鑫励,T4117
4118,富绍文,T4118
4119,贾曦恒,T4119
4120,空以旭,T4120
4121,甘成良,T4121
4122,邓星鸣,T4122
4123,富士津,T4123
4124,隗耀刚,T4124
4125,武河采,T4125
4126,甄昌才,T4126
4127,皮映固,T4127
4128,穆章河,T4128
4129,龚安明,T4129
4130,慕登科,T4130
4131,田晓楠,T4131
4132,印业亮,T4132
4133,宣胜德,T4133
4134,边意平,T4134
4135,缪益广,T4135
4136,乜春礼,T4136
4137,通伦康,T4137
4138,颜仁才,T4138
4139,晏涛博,T4139
4140,后波梁,T4140
4141,韩益升,T4141
4142,龙谦起,T4142
4143,倪义家,T4143
4144,越裕昭,T4144
4145,程亮江,T4145
4146,杭茂厚,T4146
4147,裴亿发,T4147
4148,芮恒钧,T4148
4149,索融震,T4149
4150,张子斌,T4150
4151,项英帅,T4151
4152,鲍钧毅,T4152
4153,阚可励,T4153
4154,甘振俊,T4154
4155,邹励新,T4155
4156,郏庭尚,T4156
4157,仲翰可,T4157
4158,蔚奎翰,T4158
4159,桑才 ,T4159
4160,纪胜永,T4160
4161,邵迅平,T4161
4162,荀奇朗,T4162
4163,双起业,T4163
4164,葛帆来,T4164
4165,红基立,T4165
4166,吴武济,T4166
4167,褚罡泽,T4167
4168,翟彬焘,T4168
4169,毛子理,T4169
4170,陶伟广,T4170
4171,东富杰,T4171
4172,后承营,T4172
4173,司时荣,T4173
4174,濮贤绍,T4174
4175,尹韬维,T4175
4176,向洁章,T4176
4177,周翔春,T4177
4178,连钦洲,T4178
4179,和伯亮,T4179
4180,巫朗星,T4180
4181,伊皓炎,T4181
4182,郦哲翰,T4182
4183,毛镇国,T4183
4184,厉思曦,T4184
4185,季越献,T4185
4186,于语维,T4186
4187,翟欣金,T4187
4188,桂韵春,T4188
4189,瞿坚可,T4189
4190,宣营祥,T4190
4191,茹信以,T4191
4192,喻军成,T4192
4193,汪钊映,T4193
4194,薄鹏备,T4194
4195,谭荣冠,T4195
4196,万舜镇,T4196
4197,鄂友信,T4197
4198,阴振有,T4198
4199,卜营正,T4199
4200,崔坤海,T4200
4201,谈亨咏,T4201
4202,齐洲杰,T4202
4203,池春月,T4203
4204,詹业洲,T4204
4205,桂星庆,T4205
4206,居琛龙,T4206
4207,蓟韵和,T4207
4208,戈益顺,T4208
4209,郏子风,T4209
4210,钱帆奎,T4210
4211,步选祥,T4211
4212,符厚耀,T4212
4213,单越泰,T4213
4214,越凤臻,T4214
4215,禄国维,T4215
4216,慕若邦,T4216
4217,庾映正,T4217
4218,胥旭融,T4218
4219,明固进,T4219
4220,解希永,T4220
4221,巫豪来,T4221
4222,柳绍钧,T4222
4223,柯科霖,T4223
4224,齐会之,T4224
4225,叶轮业,T4225
4226,平金融,T4226
4227,靳罡耀,T4227
4228,井东庭,T4228
4229,樊津进,T4229
4230,杜瀚咏,T4230
4231,贝昊杰,T4231
4232,童民松,T4232
4233,安舜宏,T4233
4234,施刚宏,T4234
4235,匡朔廷,T4235
4236,乐盛蒙,T4236
4237,沃光钧,T4237
4238,隗学山,T4238
4239,莫刚瑜,T4239
4240,包金启,T4240
4241,庞荣恩,T4241
4242,范蒙贤,T4242
4243,居咏发,T4243
4244,慕之禾,T4244
4245,霍建宪,T4245
4246,郁镇腾,T4246
4247,弓民晓,T4247
4248,裴钧映,T4248
4249,申恩辰,T4249
4250,禄尚富,T4250
4251,夔隆镇,T4251
4252,牧誉正,T4252
4253,伏学城,T4253
4254,冷山励,T4254
4255,季光业,T4255
4256,祝济有,T4256
4257,匡同颜,T4257
4258,程英越,T4258
4259,禄卫星,T4259
4260,瞿恩健,T4260
4261,崔焘景,T4261
4262,龙万升,T4262
4263,霍豪珑,T4263
4264,吕镇正,T4264
4265,羊选成,T4265
4266,龙岩献,T4266
4267,万栋东,T4267
4268,彭勇林,T4268
4269,包备源,T4269
4270,潘鑫杰,T4270
4271,何为益,T4271
4272,衡永洲,T4272
4273,温光冬,T4273
4274,齐才朔,T4274
4275,步欣艺,T4275
4276,浦保昊,T4276
4277,项宏景,T4277
4278,武林聪,T4278
4279,苏越谊,T4279
4280,陶聪骏,T4280
4281,安林彪,T4281
4282,施蕾启,T4282
4283,鲍达隆,T4283
4284,石楠力,T4284
4285,滕 晨,T4285
4286,丁炎宪,T4286
4287,孔牧 ,T4287
4288,和金博,T4288
4289,耿振康,T4289
4290,薄宪学,T4290
4291,章才功,T4291
4292,朱发同,T4292
4293,沙志谦,T4293
4294,冯材钢,T4294
4295,养保霖,T4295
4296,荀采力,T4296
4297,嵇鸣涛,T4297
4298,国蒙富,T4298
4299,满瑜韬,T4299
4300,米迎飞,T4300
4301,昌坚基,T4301
4302,车敬业,T4302
4303,终济士,T4303
4304,伊儒绍,T4304
4305,宋珂立,T4305
4306,赵军凤,T4306
4307,廉逸康,T4307
4308,阴基力,T4308
4309,富棠贤,T4309
4310,皮全宏,T4310
4311,彭新远,T4311
4312,窦谋隆,T4312
4313,宓蕾辰,T4313
4314,于宏林,T4314
4315,蒲为营,T4315
4316,d辰若,T4316
4317,庾若镇,T4317
4318,管毅瀚,T4318
4319,闻祥朋,T4319
4320,靳炎Z,T4320
4321,聂迎政,T4321
4322,d刚易,T4322
4323,巩谋朋,T4323
4324,洪斌卫,T4324
4325,劳俊震,T4325
4326,胥隆洁,T4326
4327,祝瀚元,T4327
4328,濮岚鸣,T4328
4329,平福蔚,T4329
4330,臧龙纶,T4330
4331,焦克启,T4331
4332,衡起城,T4332
4333,沈平维,T4333
4334,沃毅耀,T4334
4335,家科锦,T4335
4336,班先逸,T4336
4337,文明克,T4337
4338,屈茂韵,T4338
4339,印阳艺,T4339
4340,蔚功万,T4340
4341,范彬同,T4341
4342,经榕金,T4342
4343,鲍刚邦,T4343
4344,家源采,T4344
4345,詹瀚蒙,T4345
4346,韩海韵,T4346
4347,单树壮,T4347
4348,洪珑霖,T4348
4349,臧焘行,T4349
4350,晏来辉,T4350
4351,任震子,T4351
4352,张焘珂,T4352
4353,米岩发,T4353
4354,梁坤曦,T4354
4355,娄采欣,T4355
4356,鄂业茂,T4356
4357,苏坤辰,T4357
4358,马俊彬,T4358
4359,居向龙,T4359
4360,浦皓永,T4360
4361,卓承瑜,T4361
4362,莫伟政,T4362
4363,岑语为,T4363
4364,羿先有,T4364
4365,曾志棠,T4365
4366,弘尚钦,T4366
4367,符祥洲,T4367
4368,皮珑选,T4368
4369,赵向贤,T4369
4370,纪清盛,T4370
4371,姜策继,T4371
4372,项泓材,T4372
4373,扶山高,T4373
4374,纪厚儒,T4374
4375,双恒营,T4375
4376,党业言,T4376
4377,d邦希,T4377
4378,松万钧,T4378
4379,沃迅正,T4379
4380,勾融承,T4380
4381,蔺泽恒,T4381
4382,袁祥才,T4382
4383,蒋伦伦,T4383
4384,邹高意,T4384
4385,蔡保业,T4385
4386,余利明,T4386
4387,厍涛纶,T4387
4388,席俊伟,T4388
4389,扈毅弘,T4389
4390,乔健谦,T4390
4391,胥镇承,T4391
4392,乜亮轮,T4392
4393,连良彰,T4393
4394,乜栋楠,T4394
4395,俞群国,T4395
4396,仇万岚,T4396
4397,弓纪庆,T4397
4398,薄坚韬,T4398
4399,怀尚河,T4399
4400,罗亮登,T4400
4401,慕易晓,T4401
4402,储同峰,T4402
4403,松超杰,T4403
4404,熊仁隆,T4404
4405,燕固绍,T4405
4406,欧亿庭,T4406
4407,凤健理,T4407
4408,姜达磊,T4408
4409,池晗林,T4409
4410,沃仁钧,T4410
4411,许鸣伟,T4411
4412,空晟晨,T4412
4413,羿有登,T4413
4414,古廷维,T4414
4415,贲楠谦,T4415
4416,羊杰选,T4416
4417,殷群建,T4417
4418,相正成,T4418
4419,万建基,T4419
4420,阎浩恒,T4420
4421,宰政亭,T4421
4422,萧逸坚,T4422
4423,景博天,T4423
4424,贺欣宪,T4424
4425,巢牧茂,T4425
4426,东晓齐,T4426
4427,惠翰凤,T4427
4428,隗永选,T4428
4429,巩函言,T4429
4430,臧保震,T4430
4431,能杰文,T4431
4432,鞠越可,T4432
4433,庾腾光,T4433
4434,慎立坚,T4434
4435,芮士峰,T4435
4436,郏心洋,T4436
4437,邹洁清,T4437
4438,成晟继,T4438
4439,翁金备,T4439
4440,冷誉之,T4440
4441,段豪帅,T4441
4442,支越章,T4442
4443,关明生,T4443
4444,宗钦洁,T4444
4445,陆易绍,T4445
4446,幸茂维,T4446
4447,姬雄力,T4447
4448,夏有希,T4448
4449,丰宪廷,T4449
4450,甘飞勇,T4450
4451,干强升,T4451
4452,奚正河,T4452
4453,庾明逸,T4453
4454,饶永卫,T4454
4455,吉克济,T4455
4456,印磊顺,T4456
4457,施瑞月,T4457
4458,那蕾国,T4458
4459,空志岩,T4459
4460,桂同臻,T4460
4461,禹之洁,T4461
4462,谭金意,T4462
4463,文光时,T4463
4464,臧奎山,T4464
4465,聂齐庭,T4465
4466,钟业城,T4466
4467,全晟乐,T4467
4468,秋皓为,T4468
4469,养牧朋,T4469
4470,明会先,T4470
4471,干克易,T4471
4472,吕雄霖,T4472
4473,费彰贤,T4473
4474,桑士信,T4474
4475,宿福函,T4475
4476,巴Z楠,T4476
4477,师震骏,T4477
4478,蓝雨致,T4478
4479,昝越保,T4479
4480,陆函舜,T4480
4481,毋强聪,T4481
4482,严越帅,T4482
4483,屠艺锦,T4483
4484,容锦阳,T4484
4485,翁昊春,T4485
4486,郎旭德,T4486
4487,仰健采,T4487
4488,甘河峰,T4488
4489,须诚旭,T4489
4490,桂牧基,T4490
4491,祝蔚富,T4491
4492,能志斌,T4492
4493,包朋全,T4493
4494,蔡艺瑞,T4494
4495,晏邦浩,T4495
4496,惠时朋,T4496
4497,向帆博,T4497
4498,艾钢晔,T4498
4499,宋明珑,T4499
4500,潘岩旭,T4500
4501,隗函炎,T4501
4502,宁瑞禾,T4502
4503,钭Z聪,T4503
4504,骆为广,T4504
4505,奚意鹏,T4505
4506,湛骏建,T4506
4507,刁富登,T4507
4508,秦家茂,T4508
4509,酆谦亮,T4509
4510,芮海威,T4510
4511,后君谋,T4511
4512,储宏强,T4512
4513,祖福策,T4513
4514,傅正洁,T4514
4515,孟家坤,T4515
4516,宓家向,T4516
4517,毋良民,T4517
4518,幸亭轮,T4518
4519,能国文,T4519
4520,冉行咏,T4520
4521,利林武,T4521
4522,卜山建,T4522
4523,鲍亮荣,T4523
4524,周栋清,T4524
4525,章阳健,T4525
4526,翟宏钧,T4526
4527,尹隆广,T4527
4528,米言天,T4528
4529,殷廷继,T4529
4530,鞠祥牧,T4530
4531,聂向河,T4531
4532,巴珑骏,T4532
4533,尤坚世,T4533
4534,邱心庭,T4534
4535,杭江垒,T4535
4536,嵇英继,T4536
4537,韩冠映,T4537
4538,缪映亨,T4538
4539,鲁蕾恩,T4539
4540,诸高朔,T4540
4541,舒英意,T4541
4542,左骏帅,T4542
4543,唐亭言,T4543
4544,蒲军彬,T4544
4545,咸翔朋,T4545
4546,奚正豪,T4546
4547,安诚豪,T4547
4548,褚晓颜,T4548
4549,皮会松,T4549
4550,郁鑫顺,T4550
4551,闻材克,T4551
4552,伍蒙帅,T4552
4553,慕功礼,T4553
4554,梁兴韵,T4554
4555,王亨源,T4555
4556,姚为映,T4556
4557,杭齐时,T4557
4558,戚伯时,T4558
4559,洪逸 ,T4559
4560,薛升达,T4560
4561,苍威宁,T4561
4562,巴海瑜,T4562
4563,蓝曦庆,T4563
4564,钱洁泰,T4564
4565,姬月松,T4565
4566,卢超宪,T4566
4567,蔡朔学,T4567
4568,水朔融,T4568
4569,邱材腾,T4569
4570,盛起腾,T4570
4571,廖以松,T4571
4572,霍以谋,T4572
4573,詹壮善,T4573
4574,封为强,T4574
4575,赖钦乐,T4575
4576,温永宁,T4576
4577,勾益意,T4577
4578,家钢富,T4578
4579,通帆奎,T4579
4580,卜立康,T4580
4581,聂保蔚,T4581
4582,郝韵胜,T4582
4583,昌昊济,T4583
4584,单俊朔,T4584
4585,马采士,T4585
4586,田颜会,T4586
4587,戴蔚蕾,T4587
4588,邢恩彰,T4588
4589,鱼信瑞,T4589
4590,富恩Z,T4590
4591,鱼诚光,T4591
4592,古曦伯,T4592
4593,庄龙亭,T4593
4594,卓冬振,T4594
4595,季元泰,T4595
4596,周广冬,T4596
4597,冉意力,T4597
4598,鲍卫卫,T4598
4599,钱颜蒙,T4599
4600,毕利树,T4600
4601,郏东纶,T4601
4602,霍济平,T4602
4603,桂维蔚,T4603
4604,宗若功,T4604
4605,贡顺以,T4605
4606,祁钊力,T4606
4607,冷基鹏,T4607
4608,鄂豪晨,T4608
4609,宓辰洲,T4609
4610,索哲波,T4610
4611,厍德钦,T4611
4612,尤先盛,T4612
4613,莫艺材,T4613
4614,戈晓津,T4614
4615,敖海贤,T4615
4616,诸舜罡,T4616
4617,胡骏阳,T4617
4618,朱皓融,T4618
4619,康子景,T4619
4620,闻源艺,T4620
4621,江才有,T4621
4622,贝英宏,T4622
4623,牛致献,T4623
4624,闻哲业,T4624
4625,缪平彰,T4625
4626,安韵江,T4626
4627,艾蒙启,T4627
4628,宰洁河,T4628
4629,刘和敬,T4629
4630,莫先向,T4630
4631,冀登东,T4631
4632,尚万鹏,T4632
4633,邬理棠,T4633
4634,郁永钢,T4634
4635,浦义泽,T4635
4636,晁政岚,T4636
4637,习翰高,T4637
4638,巩轮生,T4638
4639,怀冬国,T4639
4640,谢豪城,T4640
4641,时亮安,T4641
4642,滑同林,T4642
4643,吕映来,T4643
4644,雷纪新,T4644
4645,通刚朔,T4645
4646,昌棠耀,T4646
4647,惠和易,T4647
4648,鞠理健,T4648
4649,匡业楠,T4649
4650,全朋江,T4650
4651,郁仁伦,T4651
4652,米固林,T4652
4653,越起阳,T4653
4654,麻晓之,T4654
4655,和炎万,T4655
4656,姜宏函,T4656
4657,茹高善,T4657
4658,宣新谊,T4658
4659,巴瑜利,T4659
4660,尚林克,T4660
4661,车胜瑜,T4661
4662,柳航坤,T4662
4663,干威峰,T4663
4664,陶琛涛,T4664
4665,边进诚,T4665
4666,辛君宏,T4666
4667,倪蒙起,T4667
4668,暴星意,T4668
4669,牧恩骏,T4669
4670,步函海,T4670
4671,慎瑜蒙,T4671
4672,裘善为,T4672
4673,支材诚,T4673
4674,松炎世,T4674
4675,邴颜和,T4675
4676,赵先会,T4676
4677,荆晔迅,T4677
4678,季景营,T4678
4679,邢易备,T4679
4680,厍营以,T4680
4681,幸福珑,T4681
4682,巴德士,T4682
4683,逄瑜昌,T4683
4684,沃升翰,T4684
4685,柴全平,T4685
4686,姜颜语,T4686
4687,融先 ,T4687
4688,莫誉建,T4688
4689,尚功科,T4689
4690,龙轮弘,T4690
4691,柴保垒,T4691
4692,能俊朗,T4692
4693,沈晟栋,T4693
4694,欧斌明,T4694
4695,翟鑫善,T4695
4696,狄Z厚,T4696
4697,吕江航,T4697
4698,束景采,T4698
4699,郜谋皓,T4699
4700,段坚腾,T4700
4701,禄高琛,T4701
4702,燕融鑫,T4702
4703,经翔豪,T4703
4704,颜庆聪,T4704
4705,昌斌礼,T4705
4706,牧学济,T4706
4707,干斌发,T4707
4708,松栋心,T4708
4709,汤星昌,T4709
4710,支泽政,T4710
4711,居厚顺,T4711
4712,石豪源,T4712
4713,简韬才,T4713
4714,毕奎恩,T4714
4715,边先和,T4715
4716,燕轮腾,T4716
4717,全邦皓,T4717
4718,龚建生,T4718
4719,别伯洁,T4719
4720,庾正洲,T4720
4721,鲁杰震,T4721
4722,糜龙骏,T4722
4723,昝启健,T4723
4724,羊胜帆,T4724
4725,冯谋坤,T4725
4726,仲裕晓,T4726
4727,石韬克,T4727
4728,裘波兴,T4728
4729,屠雨彰,T4729
4730,向珂奇,T4730
4731,巴万来,T4731
4732,蔺珑城,T4732
4733,易弘珂,T4733
4734,章韬磊,T4734
4735,羿健霖,T4735
4736,卢震元,T4736
4737,郑钢进,T4737
4738,乐谦新,T4738
4739,沙君远,T4739
4740,乔振彰,T4740
4741,席津仁,T4741
4742,仇辉来,T4742
4743,池江绍,T4743
4744,温继雨,T4744
4745,扶伟善,T4745
4746,孔泰策,T4746
4747,郭腾达,T4747
4748,彭昌禾,T4748
4749,巴昭庭,T4749
4750,费义曦,T4750
4751,苗洲波,T4751
4752,郎明贤,T4752
4753,司彬栋,T4753
4754,宓岩君,T4754
4755,赵杰旭,T4755
4756,贡珂艺,T4756
4757,充致谦,T4757
4758,曹鸣朋,T4758
4759,尹之继,T4759
4760,车哲齐,T4760
4761,费咏楠,T4761
4762,段平禾,T4762
4763,干启梁,T4763
4764,通凤政,T4764
4765,弓超 ,T4765
4766,花奇勇,T4766
4767,薄功选,T4767
4768,劳恒文,T4768
4769,尤牧迅,T4769
4770,冯蒙启,T4770
4771,万雄哲,T4771
4772,赵彪艺,T4772
4773,施谦腾,T4773
4774,滕楠坚,T4774
4775,宦Z弘,T4775
4776,宁亿家,T4776
4777,周弘松,T4777
4778,赵骏奇,T4778
4779,通科雨,T4779
4780,勾臻龙,T4780
4781,茹昊伯,T4781
4782,聂恒礼,T4782
4783,全成豪,T4783
4784,薛瀚蔚,T4784
4785,聂哲顺,T4785
4786,广昭宁,T4786
4787,辛瑜远,T4787
4788,雍有谊,T4788
4789,桑伟迎,T4789
4790,饶裕瑞,T4790
4791,盛壮伯,T4791
4792,印进洋,T4792
4793,晁聪欣,T4793
4794,杭辉国,T4794
4795,璩融善,T4795
4796,邢帅冬,T4796
4797,刁高毅,T4797
4798,孔月琛,T4798
4799,成艺豪,T4799
4800,阮翰栋,T4800
4801,隗坤安,T4801
4802,昌为斌,T4802
4803,潘炎高,T4803
4804,裘裕康,T4804
4805,d帅采,T4805
4806,鲍瑞骏,T4806
4807,柏彪毅,T4807
4808,干源光,T4808
4809,关思庆,T4809
4810,储隆震,T4810
4811,林蔚兴,T4811
4812,宗瑞承,T4812
4813,管哲家,T4813
4814,金武卫,T4814
4815,乜英维,T4815
4816,崔济才,T4816
4817,张和廷,T4817
4818,阮武和,T4818
4819,刁雨利,T4819
4820,池材为,T4820
4821,彭珂磊,T4821
4822,缪平诚,T4822
4823,段辰学,T4823
4824,郜骏国,T4824
4825,沈东亿,T4825
4826,杭进晗,T4826
4827,雷顺钦,T4827
4828,项峰卫,T4828
4829,余建亭,T4829
4830,解翔豪,T4830
4831,方浩厚,T4831
4832,曲贤时,T4832
4833,勾思言,T4833
4834,宓安诚,T4834
4835,农旭永,T4835
4836,庄震洁,T4836
4837,勾韵豪,T4837
4838,俞家钦,T4838
4839,杨益亨,T4839
4840,华理乐,T4840
4841,邹欣皓,T4841
4842,桂英向,T4842
4843,颜易雨,T4843
4844,翁基泽,T4844
4845,乔超立,T4845
4846,汪向聪,T4846
4847,和泽山,T4847
4848,幸源科,T4848
4849,越明星,T4849
4850,贝鑫启,T4850
4851,纪全泽,T4851
4852,裴达韬,T4852
4853,郑毅昭,T4853
4854,安榕榕,T4854
4855,郑锦仁,T4855
4856,詹棠琛,T4856
4857,米钊奇,T4857
4858,廉思景,T4858
4859,陶风登,T4859
4860,党若亿,T4860
4861,焦亮春,T4861
4862,项亮功,T4862
4863,祖礼山,T4863
4864,步函友,T4864
4865,臧可齐,T4865
4866,贡营敬,T4866
4867,辛若焘,T4867
4868,沙为武,T4868
4869,郜蒙震,T4869
4870,步鹏献,T4870
4871,皮禾罡,T4871
4872,阴和益,T4872
4873,郁皓龙,T4873
4874,施建庆,T4874
4875,暨廷壮,T4875
4876,郝清议,T4876
4877,都哲议,T4877
4878,姬棠先,T4878
4879,糜万牧,T4879
4880,路龙榕,T4880
4881,项磊超,T4881
4882,辛山才,T4882
4883,雷榕语,T4883
4884,樊进胜,T4884
4885,秦鸣致,T4885
4886,步安壮,T4886
4887,花营礼,T4887
4888,任朗益,T4888
4889,殳泽科,T4889
4890,申心刚,T4890
4891,冷山胜,T4891
4892,钭钊远,T4892
4893,管雄雨,T4893
4894,黎庆涛,T4894
4895,向固罡,T4895
4896,容曦震,T4896
4897,束纶富,T4897
4898,薛映敬,T4898
4899,农帅翔,T4899
4900,平勇峰,T4900
4901,房礼诚,T4901
4902,解义耀,T4902
4903,司庆凤,T4903
4904,鲁庭和,T4904
4905,路翔茂,T4905
4906,茹万轮,T4906
4907,农岚行,T4907
4908,於蔚昌,T4908
4909,阮兴洁,T4909
4910,满亮建,T4910
4911,晏议宁,T4911
4912,后若威,T4912
4913,邰向为,T4913
4914,岑益光,T4914
4915,管民恩,T4915
4916,邵曦珑,T4916
4917,伏为顺,T4917
4918,郦子韬,T4918
4919,汤选君,T4919
4920,曹恩民,T4920
4921,庄以翰,T4921
4922,慎采岩,T4922
4923,云东岩,T4923
4924,古彬泓,T4924
4925,闻意隆,T4925
4926,邴迎曦,T4926
4927,文理晨,T4927
4928,桂金涛,T4928
4929,邰建冬,T4929
4930,盛益策,T4930
4931,郏昌乐,T4931
4932,戈曦朗,T4932
4933,米亨泓,T4933
4934,怀弘江,T4934
4935,印正心,T4935
4936,黎备以,T4936
4937,邴军清,T4937
4938,禹谦礼,T4938
4939,许迅诚,T4939
4940,茹生洁,T4940
4941,怀平和,T4941
4942,蓟民涛,T4942
4943,姬棠函,T4943
4944,糜涛致,T4944
4945,田舜心,T4945
4946,屈时牧,T4946
4947,蔺民蕾,T4947
4948,元进谋,T4948
4949,厍永春,T4949
4950,昌继伯,T4950
4951,逄易向,T4951
4952,慎彬浩,T4952
4953,彭豪庆,T4953
4954,胥先河,T4954
4955,霍光振,T4955
4956,宿坤励,T4956
4957,俞腾安,T4957
4958,相基材,T4958
4959,胥磊超,T4959
4960,东廷康,T4960
4961,诸章伦,T4961
4962,咸民宪,T4962
4963,贺英映,T4963
4964,邓斌梁,T4964
4965,班健涛,T4965
4966,夏纶钢,T4966
4967,龚聪飞,T4967
4968,盛峰尚,T4968
4969,阴林龙,T4969
4970,s誉斌,T4970
4971,广儒波,T4971
4972,利艺奇,T4972
4973,暴亮钊,T4973
4974,花旭顺,T4974
4975,贺策卫,T4975
4976,红泓山,T4976
4977,韦同进,T4977
4978,巢星光,T4978
4979,查乐鹏,T4979
4980,荆鑫彰,T4980
4981,莘颜东,T4981
4982,毕蕾济,T4982
4983,家向树,T4983
4984,沃帅磊,T4984
4985,易鸣会,T4985
4986,昌晔启,T4986
4987,于齐禾,T4987
4988,胥备友,T4988
4989,郝翔冠,T4989
4990,慕凤臻,T4990
4991,史和策,T4991
4992,蒙骏议,T4992
4993,鞠纪生,T4993
4994,周帆可,T4994
4995,司庆震,T4995
4996,高荣津,T4996
4997,谈坚坚,T4997
4998,戚达威,T4998
4999,叶林正,T4999
5000,水起翰,T5000
